student_id,course_id,semester,rating
S0000,CS102,1,3
S0000,CS105,1,5
S0000,CS108,1,2
S0000,CS107,2,3
S0000,CS104,2,3
S0000,CS101,2,4
S0000,CS208,3,4
S0000,CS203,3,5
S0000,CS211,3,5
S0000,CS201,3,3
S0000,CS206,3,5
S0000,CS202,4,2
S0000,CS106,4,3
S0000,CS207,4,2
S0000,CS305,5,5
S0000,CS316,5,5
S0000,CS308,5,4
S0000,CS314,5,4
S0000,CS210,5,1
S0001,CS105,1,5
S0001,CS108,1,2
S0001,CS107,1,3
S0001,CS101,1,2
S0001,CS106,2,3
S0001,CS103,2,3
S0001,CS104,2,2
S0001,CS102,2,1
S0001,CS211,3,2
S0001,CS207,3,3
S0001,CS208,3,5
S0001,CS203,4,5
S0001,CS209,4,3
S0001,CS202,4,2
S0001,CS204,4,4
S0001,CS210,4,2
S0002,CS103,1,5
S0002,CS106,1,3
S0002,CS101,1,4
S0002,CS107,1,2
S0002,CS102,1,4
S0002,CS104,2,2
S0002,CS105,2,2
S0002,CS108,2,2
S0002,CS204,3,5
S0002,CS209,3,3
S0002,CS212,3,4
S0002,CS211,3,3
S0002,CS210,3,3
S0002,CS201,4,3
S0002,CS206,4,3
S0002,CS202,4,3
S0002,CS309,5,4
S0002,CS310,5,3
S0002,CS311,5,4
S0002,CS315,5,5
S0003,CS105,1,4
S0003,CS101,1,5
S0003,CS106,1,4
S0003,CS102,1,3
S0003,CS104,1,4
S0003,CS108,2,2
S0003,CS103,2,4
S0003,CS107,2,2
S0003,CS208,3,5
S0003,CS203,3,4
S0003,CS206,3,3
S0003,CS210,3,2
S0003,CS202,4,3
S0003,CS207,4,4
S0003,CS209,4,5
S0003,CS204,4,2
S0004,CS106,1,5
S0004,CS101,1,5
S0004,CS105,1,2
S0004,CS102,1,1
S0004,CS104,1,4
S0004,CS107,2,2
S0004,CS108,2,1
S0004,CS103,2,2
S0004,CS204,3,5
S0004,CS201,3,5
S0004,CS210,3,2
S0004,CS209,3,4
S0004,CS211,4,2
S0004,CS208,4,1
S0004,CS212,4,1
S0004,CS202,4,2
S0004,CS310,5,4
S0004,CS311,5,5
S0004,CS309,5,5
S0005,CS108,1,5
S0005,CS105,1,3
S0005,CS107,1,3
S0005,CS101,2,1
S0005,CS104,2,2
S0005,CS106,2,2
S0005,CS208,3,3
S0005,CS201,3,4
S0005,CS203,3,4
S0005,CS103,3,4
S0005,CS209,4,3
S0005,CS204,4,3
S0005,CS206,4,3
S0005,CS207,4,3
S0005,CS308,5,1
S0005,CS313,5,4
S0005,CS314,5,4
S0005,CS311,6,4
S0005,CS316,6,3
S0005,CS305,6,3
S0005,CS202,6,3
S0006,CS102,1,4
S0006,CS103,1,5
S0006,CS101,1,4
S0006,CS106,2,2
S0006,CS105,2,1
S0006,CS108,2,1
S0006,CS104,2,3
S0006,CS107,2,3
S0006,CS212,3,4
S0006,CS207,3,5
S0006,CS206,3,2
S0006,CS202,4,4
S0006,CS201,4,2
S0006,CS211,4,3
S0006,CS307,5,3
S0006,CS301,5,3
S0006,CS306,5,3
S0006,CS315,5,4
S0006,CS208,5,3
S0007,CS102,1,3
S0007,CS105,1,3
S0007,CS103,1,5
S0007,CS107,2,5
S0007,CS104,2,5
S0007,CS101,2,1
S0007,CS212,3,5
S0007,CS202,3,4
S0007,CS203,3,3
S0007,CS211,4,4
S0007,CS106,4,1
S0007,CS206,4,5
S0007,CS210,4,3
S0007,CS108,4,2
S0008,CS105,1,2
S0008,CS108,1,2
S0008,CS101,1,5
S0008,CS103,2,3
S0008,CS106,2,5
S0008,CS107,2,2
S0008,CS104,2,3
S0008,CS203,3,4
S0008,CS102,3,1
S0008,CS201,3,3
S0008,CS204,4,5
S0008,CS207,4,3
S0008,CS211,4,3
S0008,CS212,4,2
S0008,CS209,4,3
S0008,CS210,5,2
S0008,CS311,5,5
S0008,CS309,5,4
S0008,CS202,5,3
S0008,CS205,5,4
S0009,CS104,1,5
S0009,CS106,1,4
S0009,CS107,1,5
S0009,CS101,2,3
S0009,CS105,2,1
S0009,CS108,2,3
S0009,CS201,3,4
S0009,CS206,3,5
S0009,CS207,3,4
S0009,CS211,3,5
S0009,CS103,4,3
S0009,CS208,4,2
S0009,CS204,4,3
S0009,CS202,4,4
S0009,CS301,5,4
S0009,CS306,5,4
S0009,CS309,5,3
S0009,CS307,5,4
S0009,CS302,6,4
S0009,CS304,6,5
S0009,CS308,6,4
S0009,CS102,6,2
S0010,CS102,1,3
S0010,CS101,1,5
S0010,CS106,1,4
S0010,CS107,2,2
S0010,CS108,2,1
S0010,CS103,2,2
S0010,CS105,2,2
S0010,CS201,3,5
S0010,CS209,3,4
S0010,CS203,3,4
S0010,CS204,3,5
S0010,CS206,4,4
S0010,CS104,4,3
S0010,CS207,4,4
S0010,CS202,4,1
S0010,CS210,4,1
S0010,CS309,5,5
S0010,CS311,5,5
S0010,CS308,5,2
S0010,CS310,5,4
S0010,CS301,5,3
S0011,CS107,1,3
S0011,CS103,1,5
S0011,CS102,1,5
S0011,CS101,2,3
S0011,CS104,2,4
S0011,CS108,2,1
S0011,CS105,2,2
S0011,CS206,3,4
S0011,CS207,3,5
S0011,CS212,3,5
S0011,CS202,3,4
S0011,CS211,4,4
S0011,CS210,4,3
S0011,CS204,4,3
S0011,CS201,4,3
S0011,CS315,5,4
S0011,CS301,5,5
S0011,CS208,5,2
S0011,CS313,6,2
S0011,CS304,6,5
S0011,CS306,6,4
S0011,CS205,6,4
S0012,CS108,1,4
S0012,CS101,1,5
S0012,CS105,1,4
S0012,CS107,1,2
S0012,CS106,2,5
S0012,CS102,2,4
S0012,CS103,2,3
S0012,CS201,3,5
S0012,CS208,3,5
S0012,CS204,3,5
S0012,CS210,3,3
S0012,CS203,4,5
S0012,CS209,4,4
S0012,CS212,4,3
S0012,CS314,5,4
S0012,CS312,5,4
S0012,CS316,5,5
S0013,CS104,1,5
S0013,CS107,1,5
S0013,CS106,1,3
S0013,CS101,1,5
S0013,CS102,2,1
S0013,CS108,2,2
S0013,CS103,2,2
S0013,CS209,3,4
S0013,CS207,3,1
S0013,CS211,3,4
S0013,CS202,3,4
S0013,CS204,4,4
S0013,CS206,4,5
S0013,CS201,4,4
S0013,CS306,5,4
S0013,CS311,5,5
S0013,CS309,5,5
S0014,CS103,1,2
S0014,CS101,1,4
S0014,CS104,1,4
S0014,CS106,2,5
S0014,CS107,2,3
S0014,CS108,2,3
S0014,CS207,3,5
S0014,CS209,3,4
S0014,CS201,3,4
S0014,CS206,3,4
S0014,CS202,4,3
S0014,CS204,4,5
S0014,CS105,4,2
S0014,CS310,5,5
S0014,CS311,5,5
S0014,CS301,5,5
S0014,CS309,5,3
S0014,CS208,6,1
S0014,CS304,6,5
S0014,CS302,6,5
S0014,CS308,6,2
S0015,CS102,1,2
S0015,CS104,1,5
S0015,CS107,1,5
S0015,CS106,1,1
S0015,CS108,2,3
S0015,CS101,2,3
S0015,CS103,2,4
S0015,CS105,2,2
S0015,CS211,3,5
S0015,CS207,3,2
S0015,CS206,3,5
S0015,CS202,3,3
S0015,CS203,4,2
S0015,CS201,4,3
S0015,CS208,4,1
S0015,CS209,4,3
S0016,CS101,1,4
S0016,CS105,1,3
S0016,CS104,1,1
S0016,CS103,1,5
S0016,CS102,2,3
S0016,CS106,2,4
S0016,CS108,2,3
S0016,CS201,3,5
S0016,CS204,3,5
S0016,CS209,3,5
S0016,CS205,4,4
S0016,CS212,4,3
S0016,CS207,4,2
S0016,CS203,4,3
S0016,CS315,5,4
S0016,CS311,5,5
S0016,CS309,5,5
S0016,CS305,5,4
S0017,CS108,1,3
S0017,CS105,1,2
S0017,CS107,1,2
S0017,CS104,1,4
S0017,CS106,2,3
S0017,CS102,2,2
S0017,CS103,2,3
S0017,CS101,2,3
S0017,CS210,3,5
S0017,CS207,3,4
S0017,CS203,3,3
S0017,CS204,3,3
S0017,CS209,4,3
S0017,CS208,4,3
S0017,CS201,4,3
S0017,CS312,5,5
S0017,CS313,5,4
S0017,CS316,5,2
S0017,CS205,5,2
S0018,CS101,1,5
S0018,CS103,1,2
S0018,CS108,1,2
S0018,CS106,2,4
S0018,CS107,2,4
S0018,CS102,2,1
S0018,CS104,2,4
S0018,CS105,2,2
S0018,CS206,3,4
S0018,CS209,3,4
S0018,CS204,3,3
S0018,CS201,4,4
S0018,CS202,4,3
S0018,CS203,4,4
S0018,CS211,4,3
S0018,CS309,5,4
S0018,CS311,5,5
S0018,CS310,5,5
S0019,CS101,1,4
S0019,CS106,1,4
S0019,CS108,1,2
S0019,CS107,2,2
S0019,CS103,2,3
S0019,CS105,2,2
S0019,CS102,2,2
S0019,CS209,3,4
S0019,CS204,3,5
S0019,CS201,3,4
S0019,CS210,4,2
S0019,CS203,4,5
S0019,CS212,4,2
S0019,CS202,4,3
S0019,CS208,5,4
S0019,CS309,5,5
S0019,CS205,5,4
S0019,CS206,6,2
S0019,CS316,6,2
S0019,CS310,6,5
S0019,CS311,6,5
S0019,CS314,6,2
S0020,CS103,1,5
S0020,CS106,1,2
S0020,CS102,1,2
S0020,CS105,2,1
S0020,CS108,2,2
S0020,CS101,2,2
S0020,CS207,3,5
S0020,CS212,3,3
S0020,CS107,3,3
S0020,CS203,3,2
S0020,CS201,4,1
S0020,CS208,4,2
S0020,CS209,4,2
S0020,CS204,4,4
S0020,CS210,4,3
S0020,CS315,5,2
S0020,CS314,5,1
S0020,CS312,5,2
S0020,CS313,5,2
S0020,CS316,6,3
S0020,CS202,6,2
S0020,CS205,6,4
S0020,CS206,6,1
S0020,CS309,6,1
S0021,CS101,1,4
S0021,CS106,1,4
S0021,CS102,1,3
S0021,CS103,1,2
S0021,CS105,2,3
S0021,CS104,2,2
S0021,CS108,2,3
S0021,CS204,3,5
S0021,CS201,3,4
S0021,CS212,3,2
S0021,CS202,3,3
S0021,CS209,3,4
S0021,CS203,4,4
S0021,CS107,4,4
S0021,CS211,4,2
S0021,CS205,4,3
S0021,CS208,5,2
S0021,CS309,5,4
S0021,CS311,5,3
S0021,CS310,6,5
S0021,CS206,6,2
S0021,CS315,6,2
S0022,CS107,1,5
S0022,CS104,1,5
S0022,CS106,1,3
S0022,CS102,1,2
S0022,CS101,1,2
S0022,CS103,2,2
S0022,CS105,2,1
S0022,CS108,2,2
S0022,CS206,3,5
S0022,CS211,3,5
S0022,CS202,3,5
S0022,CS204,3,3
S0022,CS207,4,5
S0022,CS209,4,3
S0022,CS212,4,2
S0022,CS203,4,3
S0022,CS306,5,5
S0022,CS301,5,5
S0022,CS307,5,5
S0022,CS308,5,5
S0022,CS303,6,5
S0022,CS304,6,5
S0022,CS208,6,2
S0022,CS302,6,4
S0023,CS101,1,5
S0023,CS106,1,5
S0023,CS107,1,2
S0023,CS105,1,2
S0023,CS104,1,3
S0023,CS103,2,3
S0023,CS108,2,3
S0023,CS102,2,3
S0023,CS209,3,5
S0023,CS201,3,5
S0023,CS204,3,5
S0023,CS211,3,2
S0023,CS207,4,2
S0023,CS212,4,2
S0023,CS206,4,3
S0023,CS210,4,2
S0023,CS311,5,5
S0023,CS309,5,5
S0023,CS208,5,1
S0023,CS202,5,2
S0024,CS103,1,4
S0024,CS101,1,3
S0024,CS108,1,3
S0024,CS102,2,3
S0024,CS107,2,3
S0024,CS104,2,3
S0024,CS105,2,1
S0024,CS106,2,2
S0024,CS207,3,5
S0024,CS202,3,2
S0024,CS206,3,3
S0024,CS211,4,2
S0024,CS208,4,2
S0024,CS203,4,2
S0024,CS212,4,3
S0024,CS209,4,2
S0024,CS301,5,5
S0024,CS310,5,3
S0024,CS313,5,2
S0024,CS308,5,4
S0024,CS303,6,5
S0024,CS302,6,4
S0024,CS304,6,4
S0025,CS105,1,4
S0025,CS103,1,3
S0025,CS106,1,2
S0025,CS102,1,2
S0025,CS108,2,3
S0025,CS107,2,2
S0025,CS101,2,2
S0025,CS104,2,2
S0025,CS208,3,4
S0025,CS203,3,4
S0025,CS210,3,4
S0025,CS209,3,2
S0025,CS201,4,3
S0025,CS206,4,3
S0025,CS207,4,2
S0025,CS204,4,2
S0025,CS205,5,2
S0025,CS305,5,4
S0025,CS202,5,2
S0025,CS316,5,5
S0025,CS314,5,4
S0026,CS103,1,5
S0026,CS104,1,3
S0026,CS105,1,1
S0026,CS101,2,2
S0026,CS102,2,4
S0026,CS107,2,3
S0026,CS108,2,4
S0026,CS202,3,4
S0026,CS207,3,5
S0026,CS211,3,3
S0026,CS106,3,1
S0026,CS206,4,3
S0026,CS212,4,3
S0026,CS201,4,4
S0026,CS301,5,5
S0026,CS205,5,3
S0026,CS203,5,3
S0027,CS108,1,4
S0027,CS102,1,2
S0027,CS103,1,3
S0027,CS105,1,2
S0027,CS104,2,4
S0027,CS101,2,5
S0027,CS106,2,3
S0027,CS107,2,2
S0027,CS207,3,4
S0027,CS201,3,3
S0027,CS202,3,2
S0027,CS210,3,4
S0027,CS206,4,3
S0027,CS209,4,3
S0027,CS211,4,4
S0027,CS204,4,2
S0027,CS301,5,4
S0027,CS311,5,5
S0027,CS212,5,3
S0027,CS310,5,3
S0028,CS104,1,5
S0028,CS107,1,5
S0028,CS103,1,4
S0028,CS108,2,3
S0028,CS102,2,3
S0028,CS101,2,3
S0028,CS105,2,1
S0028,CS106,2,2
S0028,CS202,3,5
S0028,CS208,3,2
S0028,CS211,3,5
S0028,CS206,4,5
S0028,CS212,4,4
S0028,CS201,4,3
S0028,CS207,4,4
S0028,CS306,5,5
S0028,CS307,5,4
S0028,CS314,5,1
S0028,CS308,5,5
S0028,CS301,5,3
S0028,CS209,6,3
S0028,CS303,6,3
S0028,CS205,6,2
S0028,CS204,6,3
S0029,CS107,1,3
S0029,CS103,1,5
S0029,CS102,1,5
S0029,CS105,1,2
S0029,CS104,2,4
S0029,CS101,2,3
S0029,CS108,2,3
S0029,CS106,2,1
S0029,CS206,3,5
S0029,CS202,3,3
S0029,CS207,3,4
S0029,CS211,3,5
S0029,CS212,4,3
S0029,CS204,4,2
S0029,CS208,4,2
S0029,CS306,5,4
S0029,CS301,5,5
S0029,CS308,5,5
S0029,CS307,5,4
S0030,CS105,1,1
S0030,CS106,1,3
S0030,CS107,1,3
S0030,CS103,2,2
S0030,CS104,2,4
S0030,CS101,2,3
S0030,CS108,2,1
S0030,CS102,2,2
S0030,CS204,3,3
S0030,CS211,3,3
S0030,CS207,3,5
S0030,CS206,3,5
S0030,CS212,4,1
S0030,CS202,4,3
S0030,CS208,4,2
S0030,CS309,5,3
S0030,CS301,5,5
S0030,CS313,5,1
S0030,CS306,5,4
S0031,CS104,1,4
S0031,CS107,1,4
S0031,CS102,1,2
S0031,CS103,1,5
S0031,CS105,2,3
S0031,CS108,2,3
S0031,CS101,2,3
S0031,CS206,3,5
S0031,CS204,3,3
S0031,CS207,3,5
S0031,CS211,4,5
S0031,CS202,4,4
S0031,CS203,4,3
S0031,CS212,4,2
S0031,CS308,5,4
S0031,CS307,5,4
S0031,CS301,5,5
S0032,CS106,1,5
S0032,CS105,1,2
S0032,CS107,1,4
S0032,CS101,2,5
S0032,CS104,2,5
S0032,CS102,2,1
S0032,CS206,3,5
S0032,CS209,3,5
S0032,CS211,3,4
S0032,CS204,4,5
S0032,CS108,4,3
S0032,CS201,4,5
S0032,CS202,5,5
S0032,CS207,5,4
S0032,CS311,5,5
S0033,CS102,1,1
S0033,CS107,1,4
S0033,CS108,1,4
S0033,CS106,2,2
S0033,CS103,2,2
S0033,CS104,2,4
S0033,CS101,2,2
S0033,CS105,2,3
S0033,CS207,3,3
S0033,CS209,3,3
S0033,CS211,3,4
S0033,CS204,3,3
S0033,CS208,4,1
S0033,CS203,4,4
S0033,CS210,4,4
S0033,CS206,5,4
S0033,CS202,5,2
S0033,CS313,5,4
S0033,CS309,5,3
S0034,CS101,1,3
S0034,CS103,1,3
S0034,CS106,1,4
S0034,CS108,1,4
S0034,CS102,2,4
S0034,CS107,2,3
S0034,CS105,2,3
S0034,CS104,2,3
S0034,CS212,3,3
S0034,CS209,3,4
S0034,CS203,3,2
S0034,CS210,3,4
S0034,CS207,3,3
S0034,CS208,4,3
S0034,CS204,4,4
S0034,CS206,4,2
S0034,CS201,4,2
S0034,CS312,5,3
S0034,CS311,5,4
S0034,CS313,5,4
S0035,CS106,1,5
S0035,CS101,1,5
S0035,CS104,1,2
S0035,CS103,1,3
S0035,CS107,2,3
S0035,CS108,2,4
S0035,CS105,2,4
S0035,CS102,2,1
S0035,CS208,3,3
S0035,CS209,3,5
S0035,CS204,3,5
S0035,CS201,3,5
S0035,CS211,4,2
S0035,CS205,4,3
S0035,CS212,4,1
S0036,CS104,1,4
S0036,CS105,1,2
S0036,CS102,1,2
S0036,CS107,1,3
S0036,CS103,1,2
S0036,CS101,2,3
S0036,CS106,2,3
S0036,CS108,2,2
S0036,CS203,3,3
S0036,CS207,3,5
S0036,CS211,3,3
S0036,CS206,3,3
S0036,CS204,4,2
S0036,CS201,4,3
S0036,CS209,4,2
S0036,CS208,4,2
S0036,CS316,5,2
S0036,CS301,5,4
S0036,CS205,5,3
S0036,CS202,5,3
S0036,CS308,5,2
S0037,CS105,1,5
S0037,CS101,1,4
S0037,CS106,1,3
S0037,CS108,1,4
S0037,CS107,2,2
S0037,CS103,2,3
S0037,CS104,2,3
S0037,CS102,2,1
S0037,CS203,3,5
S0037,CS210,3,3
S0037,CS201,3,3
S0037,CS208,4,5
S0037,CS211,4,2
S0037,CS209,4,4
S0037,CS313,5,4
S0037,CS312,5,3
S0037,CS316,5,5
S0037,CS314,5,4
S0038,CS101,1,5
S0038,CS106,1,5
S0038,CS104,1,4
S0038,CS102,2,3
S0038,CS108,2,2
S0038,CS107,2,4
S0038,CS103,2,4
S0038,CS204,3,5
S0038,CS209,3,5
S0038,CS201,3,5
S0038,CS212,4,3
S0038,CS206,4,4
S0038,CS210,4,2
S0038,CS205,4,2
S0038,CS311,5,5
S0038,CS309,5,5
S0038,CS202,5,4
S0039,CS106,1,3
S0039,CS101,1,4
S0039,CS103,1,5
S0039,CS107,1,4
S0039,CS102,2,4
S0039,CS104,2,5
S0039,CS105,2,2
S0039,CS108,2,2
S0039,CS206,3,5
S0039,CS212,3,5
S0039,CS207,3,4
S0039,CS201,3,2
S0039,CS211,4,4
S0039,CS205,4,4
S0039,CS209,4,5
S0039,CS203,4,2
S0039,CS202,5,4
S0039,CS315,5,3
S0039,CS210,5,2
S0039,CS204,5,4
S0039,CS308,5,4
S0040,CS104,1,2
S0040,CS102,1,4
S0040,CS105,1,3
S0040,CS103,2,2
S0040,CS101,2,2
S0040,CS106,2,3
S0040,CS108,2,2
S0040,CS107,2,2
S0040,CS207,3,5
S0040,CS210,3,3
S0040,CS201,3,2
S0040,CS212,3,4
S0040,CS202,4,2
S0040,CS205,4,3
S0040,CS211,4,3
S0040,CS206,4,2
S0040,CS208,5,2
S0040,CS204,5,3
S0040,CS301,5,4
S0041,CS106,1,4
S0041,CS105,1,4
S0041,CS107,1,2
S0041,CS101,1,5
S0041,CS108,2,5
S0041,CS102,2,2
S0041,CS104,2,3
S0041,CS203,3,5
S0041,CS210,3,4
S0041,CS209,3,3
S0041,CS208,3,5
S0041,CS204,4,4
S0041,CS207,4,3
S0041,CS201,4,4
S0041,CS206,4,2
S0041,CS313,5,4
S0041,CS312,5,5
S0041,CS309,5,3
S0041,CS311,5,5
S0042,CS101,1,5
S0042,CS106,1,5
S0042,CS104,1,3
S0042,CS107,1,2
S0042,CS108,1,2
S0042,CS103,2,4
S0042,CS102,2,2
S0042,CS105,2,1
S0042,CS204,3,5
S0042,CS209,3,5
S0042,CS201,3,5
S0042,CS207,3,3
S0042,CS211,3,3
S0042,CS205,4,2
S0042,CS203,4,3
S0042,CS202,4,3
S0042,CS206,4,3
S0042,CS310,5,5
S0042,CS309,5,5
S0042,CS311,5,5
S0042,CS305,5,4
S0042,CS212,5,3
S0043,CS105,1,4
S0043,CS104,1,4
S0043,CS107,1,3
S0043,CS106,2,3
S0043,CS103,2,3
S0043,CS108,2,2
S0043,CS203,3,5
S0043,CS208,3,4
S0043,CS211,3,3
S0043,CS101,4,5
S0043,CS209,4,3
S0043,CS102,4,1
S0043,CS206,5,3
S0043,CS316,5,4
S0043,CS202,5,3
S0043,CS201,5,1
S0044,CS106,1,5
S0044,CS103,1,4
S0044,CS105,1,2
S0044,CS101,2,3
S0044,CS102,2,3
S0044,CS107,2,3
S0044,CS209,3,4
S0044,CS212,3,3
S0044,CS108,3,4
S0044,CS210,3,3
S0044,CS201,3,4
S0044,CS204,4,5
S0044,CS208,4,3
S0044,CS207,4,3
S0044,CS203,4,3
S0044,CS312,5,4
S0044,CS309,5,5
S0044,CS311,5,3
S0045,CS108,1,3
S0045,CS101,1,2
S0045,CS105,1,1
S0045,CS102,1,4
S0045,CS103,2,5
S0045,CS107,2,3
S0045,CS104,2,3
S0045,CS106,2,1
S0045,CS210,3,4
S0045,CS204,3,2
S0045,CS212,3,4
S0045,CS201,3,2
S0045,CS208,3,3
S0045,CS203,4,4
S0045,CS205,4,5
S0045,CS209,4,2
S0045,CS202,4,1
S0045,CS312,5,1
S0045,CS315,5,2
S0045,CS310,5,2
S0045,CS316,6,3
S0045,CS313,6,2
S0045,CS206,6,2
S0045,CS309,6,3
S0046,CS103,1,3
S0046,CS104,1,4
S0046,CS107,1,5
S0046,CS106,2,3
S0046,CS101,2,4
S0046,CS102,2,3
S0046,CS108,2,2
S0046,CS207,3,5
S0046,CS202,3,5
S0046,CS206,3,4
S0046,CS211,3,5
S0046,CS204,4,4
S0046,CS209,4,3
S0046,CS212,4,3
S0046,CS210,4,2
S0046,CS306,5,4
S0046,CS307,5,5
S0046,CS308,5,5
S0046,CS311,5,4
S0046,CS301,5,4
S0047,CS107,1,5
S0047,CS104,1,5
S0047,CS105,1,2
S0047,CS108,1,3
S0047,CS102,2,3
S0047,CS101,2,3
S0047,CS103,2,3
S0047,CS106,2,3
S0047,CS210,3,1
S0047,CS202,3,4
S0047,CS211,3,3
S0047,CS206,3,5
S0047,CS203,4,3
S0047,CS208,4,2
S0047,CS204,4,3
S0047,CS306,5,5
S0047,CS207,5,3
S0047,CS308,5,5
S0048,CS106,1,2
S0048,CS102,1,3
S0048,CS103,1,3
S0048,CS101,1,2
S0048,CS107,1,3
S0048,CS104,2,3
S0048,CS108,2,3
S0048,CS105,2,1
S0048,CS206,3,4
S0048,CS207,3,5
S0048,CS211,3,2
S0048,CS209,3,2
S0048,CS210,3,2
S0048,CS203,4,3
S0048,CS204,4,4
S0048,CS212,4,2
S0048,CS202,4,2
S0048,CS301,5,4
S0048,CS310,5,3
S0048,CS308,5,4
S0048,CS311,5,3
S0049,CS105,1,5
S0049,CS102,1,4
S0049,CS107,1,3
S0049,CS103,2,3
S0049,CS108,2,3
S0049,CS106,2,3
S0049,CS208,3,5
S0049,CS210,3,3
S0049,CS212,3,4
S0049,CS203,3,5
S0049,CS101,3,3
S0049,CS201,4,3
S0049,CS204,4,3
S0049,CS104,4,2
S0049,CS202,4,3
S0049,CS209,4,3
S0050,CS104,1,5
S0050,CS107,1,5
S0050,CS102,1,2
S0050,CS108,1,2
S0050,CS106,1,3
S0050,CS105,2,3
S0050,CS101,2,2
S0050,CS103,2,2
S0050,CS207,3,4
S0050,CS206,3,5
S0050,CS202,3,4
S0050,CS210,4,2
S0050,CS211,4,5
S0050,CS212,4,2
S0051,CS101,1,3
S0051,CS105,1,2
S0051,CS108,1,3
S0051,CS107,1,3
S0051,CS106,2,2
S0051,CS104,2,3
S0051,CS103,2,4
S0051,CS102,2,2
S0051,CS203,3,3
S0051,CS206,3,3
S0051,CS204,3,2
S0051,CS211,4,4
S0051,CS208,4,3
S0051,CS201,4,3
S0052,CS106,1,4
S0052,CS101,1,4
S0052,CS105,1,3
S0052,CS102,2,2
S0052,CS107,2,2
S0052,CS108,2,3
S0052,CS103,2,3
S0052,CS204,3,4
S0052,CS209,3,4
S0052,CS212,3,2
S0052,CS210,3,1
S0052,CS201,3,4
S0052,CS206,4,3
S0052,CS203,4,2
S0052,CS208,4,2
S0052,CS202,4,3
S0052,CS309,5,4
S0052,CS311,5,5
S0052,CS310,5,5
S0053,CS107,1,5
S0053,CS101,1,2
S0053,CS102,1,4
S0053,CS104,2,5
S0053,CS103,2,3
S0053,CS108,2,3
S0053,CS211,3,5
S0053,CS204,3,2
S0053,CS206,3,5
S0053,CS207,4,4
S0053,CS106,4,2
S0053,CS212,4,3
S0054,CS102,1,2
S0054,CS108,1,3
S0054,CS103,1,3
S0054,CS105,2,2
S0054,CS107,2,3
S0054,CS104,2,3
S0054,CS106,2,3
S0054,CS101,2,3
S0054,CS207,3,5
S0054,CS206,3,3
S0054,CS212,3,4
S0054,CS209,3,1
S0054,CS204,4,3
S0054,CS210,4,3
S0054,CS203,4,3
S0054,CS202,4,2
S0054,CS311,5,3
S0054,CS301,5,4
S0054,CS306,5,4
S0054,CS309,5,2
S0055,CS103,1,2
S0055,CS104,1,4
S0055,CS105,1,2
S0055,CS107,1,3
S0055,CS108,2,3
S0055,CS101,2,2
S0055,CS102,2,1
S0055,CS106,2,3
S0055,CS207,3,5
S0055,CS204,3,3
S0055,CS208,3,4
S0055,CS210,3,3
S0055,CS212,4,3
S0055,CS206,4,3
S0055,CS202,4,3
S0056,CS103,1,4
S0056,CS104,1,5
S0056,CS108,1,5
S0056,CS102,2,2
S0056,CS101,2,3
S0056,CS107,2,5
S0056,CS105,2,3
S0056,CS202,3,4
S0056,CS210,3,5
S0056,CS201,3,3
S0056,CS206,4,5
S0056,CS212,4,3
S0056,CS205,4,3
S0056,CS307,5,5
S0056,CS306,5,4
S0056,CS204,5,3
S0056,CS211,5,5
S0057,CS103,1,4
S0057,CS102,1,2
S0057,CS108,1,3
S0057,CS104,1,5
S0057,CS107,2,4
S0057,CS105,2,1
S0057,CS106,2,3
S0057,CS101,2,3
S0057,CS212,3,5
S0057,CS206,3,3
S0057,CS202,3,5
S0057,CS211,3,5
S0057,CS204,4,3
S0057,CS201,4,3
S0057,CS209,4,4
S0057,CS207,4,2
S0057,CS307,5,4
S0057,CS308,5,5
S0057,CS205,5,5
S0057,CS306,6,3
S0057,CS208,6,2
S0057,CS315,6,4
S0057,CS309,6,3
S0058,CS106,1,5
S0058,CS101,1,5
S0058,CS107,1,2
S0058,CS103,1,4
S0058,CS108,2,2
S0058,CS104,2,3
S0058,CS102,2,3
S0058,CS209,3,5
S0058,CS204,3,5
S0058,CS201,3,5
S0058,CS205,4,3
S0058,CS207,4,2
S0058,CS212,4,1
S0059,CS108,1,5
S0059,CS102,1,2
S0059,CS101,1,4
S0059,CS106,2,2
S0059,CS104,2,3
S0059,CS107,2,3
S0059,CS105,2,2
S0059,CS210,3,5
S0059,CS209,3,4
S0059,CS201,3,4
S0059,CS206,3,3
S0059,CS202,4,1
S0059,CS207,4,3
S0059,CS103,4,3
S0060,CS107,1,3
S0060,CS106,1,3
S0060,CS101,1,2
S0060,CS102,1,3
S0060,CS108,1,2
S0060,CS104,2,4
S0060,CS105,2,2
S0060,CS103,2,2
S0060,CS204,3,3
S0060,CS207,3,4
S0060,CS202,3,2
S0060,CS203,3,4
S0060,CS211,4,4
S0060,CS206,4,4
S0060,CS201,4,2
S0060,CS301,5,5
S0060,CS306,5,3
S0060,CS210,5,2
S0060,CS307,5,5
S0060,CS303,6,5
S0060,CS304,6,4
S0060,CS309,6,2
S0060,CS308,6,3
S0060,CS302,6,5
S0061,CS107,1,4
S0061,CS104,1,5
S0061,CS106,1,2
S0061,CS108,2,3
S0061,CS105,2,2
S0061,CS103,2,3
S0061,CS101,2,2
S0061,CS102,2,2
S0061,CS206,3,3
S0061,CS212,3,3
S0061,CS211,3,5
S0061,CS207,3,5
S0061,CS202,4,3
S0061,CS204,4,3
S0061,CS209,4,2
S0061,CS307,5,4
S0061,CS301,5,5
S0061,CS306,5,3
S0061,CS308,5,5
S0061,CS304,6,5
S0061,CS303,6,5
S0061,CS302,6,4
S0062,CS108,1,5
S0062,CS105,1,2
S0062,CS104,1,2
S0062,CS103,1,3
S0062,CS101,1,3
S0062,CS106,2,2
S0062,CS102,2,2
S0062,CS107,2,3
S0062,CS210,3,4
S0062,CS212,3,1
S0062,CS208,3,3
S0062,CS209,4,2
S0062,CS206,4,3
S0062,CS204,4,4
S0062,CS201,4,3
S0062,CS312,5,5
S0062,CS309,5,2
S0062,CS203,5,4
S0062,CS311,5,4
S0063,CS102,1,5
S0063,CS103,1,5
S0063,CS106,1,3
S0063,CS107,2,2
S0063,CS101,2,5
S0063,CS108,2,3
S0063,CS105,2,1
S0063,CS212,3,4
S0063,CS209,3,4
S0063,CS203,3,4
S0063,CS202,3,3
S0063,CS210,4,1
S0063,CS206,4,3
S0063,CS204,4,5
S0063,CS208,4,2
S0064,CS101,1,4
S0064,CS105,1,4
S0064,CS104,1,4
S0064,CS107,2,4
S0064,CS103,2,2
S0064,CS102,2,2
S0064,CS106,2,3
S0064,CS108,2,3
S0064,CS208,3,4
S0064,CS206,3,3
S0064,CS203,3,5
S0064,CS204,4,2
S0064,CS207,4,5
S0064,CS202,4,3
S0064,CS210,4,3
S0064,CS209,5,4
S0064,CS316,5,4
S0064,CS301,5,4
S0064,CS303,6,5
S0064,CS307,6,3
S0064,CS308,6,3
S0064,CS302,6,3
S0064,CS310,6,4
S0065,CS106,1,3
S0065,CS104,1,4
S0065,CS101,1,4
S0065,CS102,1,2
S0065,CS105,2,2
S0065,CS108,2,4
S0065,CS107,2,4
S0065,CS103,2,3
S0065,CS208,3,3
S0065,CS202,3,3
S0065,CS204,3,4
S0065,CS212,3,1
S0065,CS209,4,5
S0065,CS201,4,4
S0065,CS206,4,3
S0065,CS207,4,4
S0065,CS311,5,4
S0065,CS315,5,2
S0065,CS308,5,3
S0066,CS102,1,3
S0066,CS103,1,5
S0066,CS104,1,5
S0066,CS108,1,3
S0066,CS107,2,4
S0066,CS105,2,2
S0066,CS101,2,3
S0066,CS202,3,3
S0066,CS211,3,4
S0066,CS206,3,5
S0066,CS210,3,2
S0066,CS212,3,5
S0066,CS207,4,5
S0066,CS204,4,3
S0066,CS201,4,2
S0067,CS105,1,4
S0067,CS103,1,1
S0067,CS108,1,3
S0067,CS104,2,2
S0067,CS101,2,4
S0067,CS102,2,4
S0067,CS107,2,4
S0067,CS106,2,3
S0067,CS203,3,5
S0067,CS209,3,4
S0067,CS208,3,4
S0067,CS207,3,3
S0067,CS201,3,2
S0067,CS211,4,4
S0067,CS212,4,3
S0067,CS205,4,3
S0067,CS204,4,3
S0068,CS101,1,3
S0068,CS105,1,4
S0068,CS106,1,2
S0068,CS103,1,2
S0068,CS104,2,3
S0068,CS108,2,3
S0068,CS107,2,2
S0068,CS209,3,4
S0068,CS208,3,5
S0068,CS207,3,3
S0068,CS203,3,5
S0068,CS102,4,2
S0068,CS204,4,5
S0068,CS201,4,3
S0068,CS206,4,2
S0069,CS106,1,2
S0069,CS103,1,5
S0069,CS101,1,4
S0069,CS108,1,2
S0069,CS104,1,4
S0069,CS102,2,5
S0069,CS107,2,4
S0069,CS105,2,2
S0069,CS202,3,4
S0069,CS212,3,5
S0069,CS206,3,3
S0069,CS208,4,2
S0069,CS211,4,4
S0069,CS201,4,2
S0070,CS107,1,5
S0070,CS106,1,4
S0070,CS103,1,3
S0070,CS104,1,5
S0070,CS108,2,1
S0070,CS105,2,2
S0070,CS101,2,2
S0070,CS102,2,2
S0070,CS211,3,5
S0070,CS202,3,5
S0070,CS206,3,4
S0070,CS207,3,5
S0070,CS212,3,3
S0070,CS203,4,3
S0070,CS204,4,2
S0070,CS201,4,1
S0070,CS208,4,2
S0070,CS306,5,5
S0070,CS308,5,5
S0070,CS309,5,3
S0070,CS307,5,5
S0070,CS301,5,5
S0071,CS101,1,2
S0071,CS102,1,3
S0071,CS108,1,5
S0071,CS105,2,4
S0071,CS106,2,2
S0071,CS104,2,2
S0071,CS210,3,2
S0071,CS207,3,3
S0071,CS208,3,4
S0071,CS203,4,5
S0071,CS204,4,2
S0071,CS103,4,4
S0071,CS212,4,2
S0071,CS316,5,5
S0071,CS312,5,4
S0071,CS309,5,4
S0071,CS202,5,2
S0071,CS311,6,3
S0071,CS313,6,4
S0071,CS107,6,1
S0072,CS108,1,4
S0072,CS107,1,3
S0072,CS101,1,3
S0072,CS105,2,2
S0072,CS106,2,1
S0072,CS104,2,2
S0072,CS103,2,3
S0072,CS102,2,1
S0072,CS211,3,3
S0072,CS210,3,3
S0072,CS207,3,5
S0072,CS209,3,4
S0072,CS203,3,3
S0072,CS206,4,3
S0072,CS208,4,2
S0072,CS201,4,2
S0072,CS316,5,3
S0072,CS308,5,3
S0072,CS313,5,4
S0072,CS301,5,4
S0072,CS305,5,2
S0073,CS103,1,5
S0073,CS106,1,1
S0073,CS105,1,3
S0073,CS102,2,5
S0073,CS104,2,2
S0073,CS108,2,4
S0073,CS101,2,4
S0073,CS107,2,2
S0073,CS203,3,4
S0073,CS211,3,2
S0073,CS208,3,3
S0073,CS212,4,3
S0073,CS207,4,3
S0073,CS202,4,2
S0073,CS204,5,3
S0073,CS209,5,2
S0073,CS316,5,3
S0074,CS107,1,2
S0074,CS102,1,5
S0074,CS103,1,5
S0074,CS101,2,5
S0074,CS106,2,5
S0074,CS108,2,2
S0074,CS104,2,2
S0074,CS207,3,3
S0074,CS209,3,4
S0074,CS212,3,4
S0074,CS204,3,5
S0074,CS201,4,5
S0074,CS210,4,3
S0074,CS202,4,2
S0074,CS211,4,2
S0074,CS315,5,4
S0074,CS309,5,5
S0074,CS310,5,5
S0074,CS205,5,4
S0074,CS311,5,5
S0075,CS108,1,3
S0075,CS106,1,5
S0075,CS107,1,5
S0075,CS101,1,5
S0075,CS104,2,5
S0075,CS103,2,2
S0075,CS105,2,3
S0075,CS102,2,3
S0075,CS209,3,5
S0075,CS201,3,5
S0075,CS211,3,5
S0075,CS204,3,4
S0075,CS206,4,5
S0075,CS203,4,4
S0075,CS207,4,2
S0075,CS202,4,4
S0075,CS205,4,1
S0076,CS101,1,5
S0076,CS103,1,4
S0076,CS106,1,4
S0076,CS107,1,3
S0076,CS108,1,4
S0076,CS102,2,3
S0076,CS105,2,1
S0076,CS104,2,3
S0076,CS211,3,2
S0076,CS203,3,2
S0076,CS209,3,5
S0076,CS201,3,4
S0076,CS206,4,3
S0076,CS208,4,3
S0076,CS204,4,5
S0076,CS207,4,5
S0076,CS309,5,5
S0076,CS311,5,5
S0076,CS301,5,4
S0076,CS303,6,4
S0076,CS302,6,3
S0076,CS210,6,2
S0076,CS304,6,5
S0077,CS101,1,5
S0077,CS106,1,5
S0077,CS103,1,3
S0077,CS107,1,2
S0077,CS105,2,4
S0077,CS108,2,3
S0077,CS104,2,2
S0077,CS209,3,5
S0077,CS204,3,5
S0077,CS203,3,3
S0077,CS201,4,5
S0077,CS207,4,3
S0077,CS102,4,2
S0077,CS311,5,5
S0077,CS309,5,5
S0077,CS208,5,3
S0077,CS316,6,5
S0077,CS212,6,2
S0077,CS206,6,3
S0078,CS104,1,4
S0078,CS102,1,3
S0078,CS106,1,4
S0078,CS101,1,3
S0078,CS108,2,3
S0078,CS103,2,3
S0078,CS107,2,2
S0078,CS105,2,2
S0078,CS212,3,3
S0078,CS207,3,5
S0078,CS204,3,3
S0078,CS206,3,4
S0078,CS211,3,1
S0078,CS210,4,1
S0078,CS203,4,2
S0078,CS202,4,2
S0078,CS208,4,1
S0078,CS301,5,4
S0078,CS209,5,2
S0078,CS201,5,2
S0078,CS306,5,3
S0078,CS302,6,3
S0078,CS303,6,5
S0078,CS313,6,2
S0078,CS311,6,3
S0079,CS101,1,4
S0079,CS106,1,4
S0079,CS107,1,4
S0079,CS108,1,5
S0079,CS103,2,4
S0079,CS104,2,4
S0079,CS102,2,3
S0079,CS105,2,2
S0079,CS207,3,3
S0079,CS201,3,5
S0079,CS206,3,4
S0079,CS204,4,4
S0079,CS209,4,4
S0079,CS211,4,3
S0079,CS311,5,5
S0079,CS210,5,4
S0079,CS309,5,5
S0079,CS301,5,2
S0079,CS304,6,4
S0079,CS303,6,5
S0079,CS302,6,2
S0079,CS308,6,3
S0079,CS202,6,5
S0080,CS106,1,4
S0080,CS101,1,3
S0080,CS105,1,5
S0080,CS104,1,2
S0080,CS103,2,3
S0080,CS107,2,2
S0080,CS102,2,2
S0080,CS203,3,5
S0080,CS210,3,2
S0080,CS204,3,5
S0080,CS208,4,4
S0080,CS201,4,2
S0080,CS207,4,3
S0080,CS209,4,3
S0080,CS202,4,3
S0081,CS108,1,4
S0081,CS105,1,3
S0081,CS101,1,4
S0081,CS103,2,3
S0081,CS106,2,3
S0081,CS102,2,4
S0081,CS107,2,4
S0081,CS209,3,3
S0081,CS203,3,4
S0081,CS208,3,5
S0081,CS210,4,2
S0081,CS207,4,5
S0081,CS204,4,4
S0081,CS312,5,2
S0081,CS311,5,4
S0081,CS316,5,4
S0081,CS309,6,4
S0081,CS201,6,4
S0081,CS202,6,3
S0081,CS212,6,2
S0082,CS102,1,2
S0082,CS106,1,5
S0082,CS101,1,5
S0082,CS108,1,2
S0082,CS103,2,4
S0082,CS104,2,3
S0082,CS105,2,2
S0082,CS107,2,2
S0082,CS204,3,5
S0082,CS201,3,5
S0082,CS212,3,3
S0082,CS209,4,4
S0082,CS208,4,2
S0082,CS205,4,3
S0082,CS210,4,2
S0083,CS103,1,4
S0083,CS107,1,2
S0083,CS102,1,3
S0083,CS101,2,2
S0083,CS105,2,2
S0083,CS108,2,2
S0083,CS106,2,1
S0083,CS104,2,2
S0083,CS202,3,2
S0083,CS206,3,3
S0083,CS208,3,3
S0083,CS212,3,2
S0083,CS207,4,4
S0083,CS203,4,5
S0083,CS201,4,3
S0084,CS104,1,3
S0084,CS106,1,5
S0084,CS101,1,4
S0084,CS102,1,1
S0084,CS105,2,2
S0084,CS107,2,3
S0084,CS103,2,3
S0084,CS108,2,1
S0084,CS201,3,5
S0084,CS204,3,5
S0084,CS207,3,5
S0084,CS209,3,5
S0084,CS206,4,4
S0084,CS205,4,1
S0084,CS202,4,4
S0084,CS203,4,2
S0084,CS308,5,5
S0084,CS310,5,5
S0084,CS309,5,4
S0084,CS307,5,5
S0084,CS311,6,5
S0084,CS306,6,1
S0084,CS301,6,4
S0084,CS211,6,4
S0084,CS305,6,3
S0085,CS106,1,2
S0085,CS103,1,5
S0085,CS107,1,4
S0085,CS108,1,3
S0085,CS102,2,4
S0085,CS105,2,3
S0085,CS104,2,4
S0085,CS101,2,2
S0085,CS210,3,4
S0085,CS206,3,4
S0085,CS203,3,4
S0085,CS202,3,3
S0085,CS208,4,5
S0085,CS212,4,4
S0085,CS204,4,3
S0085,CS211,4,5
S0085,CS306,5,4
S0085,CS316,5,4
S0085,CS301,5,3
S0085,CS313,5,4
S0086,CS105,1,4
S0086,CS103,1,3
S0086,CS104,1,3
S0086,CS101,1,2
S0086,CS106,1,2
S0086,CS107,2,4
S0086,CS108,2,2
S0086,CS102,2,2
S0086,CS207,3,5
S0086,CS203,3,4
S0086,CS209,3,3
S0086,CS201,4,3
S0086,CS202,4,3
S0086,CS211,4,4
S0086,CS208,4,4
S0086,CS314,5,5
S0086,CS205,5,4
S0086,CS305,5,5
S0086,CS316,5,5
S0087,CS107,1,4
S0087,CS106,1,4
S0087,CS101,1,4
S0087,CS108,1,5
S0087,CS102,2,5
S0087,CS104,2,3
S0087,CS105,2,3
S0087,CS103,2,5
S0087,CS204,3,3
S0087,CS201,3,3
S0087,CS210,3,3
S0087,CS206,3,4
S0087,CS211,4,3
S0087,CS202,4,3
S0087,CS205,4,4
S0088,CS104,1,5
S0088,CS107,1,4
S0088,CS108,1,4
S0088,CS101,1,4
S0088,CS105,2,2
S0088,CS103,2,3
S0088,CS106,2,2
S0088,CS102,2,1
S0088,CS203,3,2
S0088,CS202,3,4
S0088,CS210,3,3
S0088,CS201,3,2
S0088,CS206,4,5
S0088,CS211,4,3
S0088,CS204,4,2
S0088,CS205,4,2
S0088,CS209,4,2
S0088,CS306,5,3
S0088,CS208,5,2
S0088,CS307,5,3
S0088,CS308,6,4
S0088,CS301,6,4
S0088,CS212,6,2
S0088,CS313,6,1
S0089,CS108,1,5
S0089,CS107,1,2
S0089,CS101,1,4
S0089,CS104,2,3
S0089,CS106,2,3
S0089,CS105,2,3
S0089,CS103,2,2
S0089,CS204,3,3
S0089,CS207,3,5
S0089,CS203,3,2
S0089,CS206,4,3
S0089,CS208,4,2
S0089,CS201,4,2
S0089,CS202,4,3
S0089,CS311,5,3
S0089,CS301,5,2
S0089,CS211,5,3
S0089,CS316,5,2
S0090,CS104,1,5
S0090,CS107,1,5
S0090,CS106,1,2
S0090,CS105,1,4
S0090,CS102,2,2
S0090,CS101,2,2
S0090,CS103,2,4
S0090,CS108,2,3
S0090,CS206,3,5
S0090,CS211,3,5
S0090,CS208,3,3
S0090,CS204,3,3
S0090,CS203,3,4
S0090,CS202,4,5
S0090,CS207,4,4
S0090,CS201,4,2
S0090,CS212,4,2
S0090,CS307,5,5
S0090,CS306,5,4
S0090,CS308,5,5
S0091,CS105,1,4
S0091,CS107,1,4
S0091,CS103,1,3
S0091,CS104,1,2
S0091,CS102,2,4
S0091,CS101,2,3
S0091,CS108,2,2
S0091,CS106,2,3
S0091,CS203,3,5
S0091,CS208,3,4
S0091,CS202,3,2
S0091,CS209,3,3
S0091,CS204,4,3
S0091,CS207,4,3
S0091,CS211,4,1
S0091,CS206,4,4
S0091,CS316,5,5
S0091,CS308,5,2
S0091,CS310,5,2
S0092,CS107,1,4
S0092,CS106,1,4
S0092,CS102,1,2
S0092,CS103,1,2
S0092,CS101,2,5
S0092,CS105,2,1
S0092,CS104,2,5
S0092,CS204,3,5
S0092,CS202,3,3
S0092,CS211,3,4
S0092,CS201,3,5
S0092,CS208,3,3
S0092,CS206,4,5
S0092,CS209,4,5
S0092,CS203,4,2
S0092,CS207,4,3
S0092,CS108,4,2
S0093,CS107,1,2
S0093,CS104,1,3
S0093,CS106,1,2
S0093,CS101,1,3
S0093,CS108,2,2
S0093,CS105,2,3
S0093,CS103,2,3
S0093,CS102,2,1
S0093,CS207,3,4
S0093,CS211,3,4
S0093,CS206,3,3
S0093,CS209,3,4
S0093,CS201,3,2
S0093,CS208,4,2
S0093,CS203,4,4
S0093,CS204,4,3
S0093,CS202,4,3
S0093,CS309,5,4
S0093,CS301,5,4
S0093,CS308,5,3
S0093,CS210,5,3
S0094,CS104,1,5
S0094,CS108,1,3
S0094,CS107,1,4
S0094,CS103,1,4
S0094,CS105,1,4
S0094,CS101,2,2
S0094,CS102,2,3
S0094,CS106,2,2
S0094,CS211,3,5
S0094,CS206,3,5
S0094,CS208,3,4
S0094,CS202,3,4
S0094,CS201,4,3
S0094,CS209,4,4
S0094,CS203,4,4
S0094,CS204,4,2
S0094,CS316,5,5
S0094,CS307,5,4
S0094,CS311,5,3
S0094,CS308,5,5
S0094,CS210,5,3
S0095,CS108,1,5
S0095,CS104,1,2
S0095,CS101,1,3
S0095,CS106,1,2
S0095,CS105,2,2
S0095,CS103,2,1
S0095,CS107,2,3
S0095,CS209,3,3
S0095,CS207,3,2
S0095,CS206,3,1
S0095,CS201,3,1
S0095,CS203,4,4
S0095,CS204,4,3
S0095,CS208,4,2
S0095,CS313,5,4
S0095,CS211,5,2
S0095,CS316,5,3
S0095,CS301,5,2
S0096,CS101,1,4
S0096,CS106,1,3
S0096,CS107,1,5
S0096,CS103,1,4
S0096,CS104,2,5
S0096,CS105,2,1
S0096,CS102,2,3
S0096,CS108,2,4
S0096,CS204,3,5
S0096,CS211,3,5
S0096,CS201,3,4
S0096,CS209,3,5
S0096,CS205,4,4
S0096,CS212,4,4
S0096,CS202,4,5
S0096,CS309,5,5
S0096,CS311,5,5
S0096,CS206,5,5
S0096,CS310,5,4
S0097,CS102,1,5
S0097,CS103,1,5
S0097,CS106,1,4
S0097,CS101,1,5
S0097,CS107,1,2
S0097,CS105,2,2
S0097,CS108,2,2
S0097,CS104,2,4
S0097,CS209,3,5
S0097,CS210,3,2
S0097,CS212,3,4
S0097,CS204,3,5
S0097,CS201,4,5
S0097,CS203,4,3
S0097,CS208,4,2
S0097,CS202,4,2
S0097,CS309,5,5
S0097,CS205,5,4
S0097,CS310,5,5
S0097,CS311,5,5
S0098,CS102,1,3
S0098,CS103,1,4
S0098,CS105,1,2
S0098,CS101,1,4
S0098,CS106,2,1
S0098,CS108,2,3
S0098,CS107,2,2
S0098,CS104,2,3
S0098,CS207,3,4
S0098,CS206,3,3
S0098,CS212,3,3
S0098,CS202,4,2
S0098,CS211,4,2
S0098,CS203,4,4
S0098,CS301,5,5
S0098,CS208,5,2
S0098,CS307,5,2
S0098,CS209,5,3
S0098,CS304,6,5
S0098,CS201,6,3
S0098,CS303,6,5
S0098,CS302,6,4
S0099,CS103,1,4
S0099,CS107,1,4
S0099,CS104,1,5
S0099,CS108,1,5
S0099,CS106,2,2
S0099,CS102,2,3
S0099,CS101,2,2
S0099,CS202,3,4
S0099,CS210,3,5
S0099,CS207,3,2
S0099,CS206,3,4
S0099,CS105,4,1
S0099,CS212,4,3
S0099,CS204,4,2
S0099,CS211,4,4
S0099,CS307,5,4
S0099,CS309,5,3
S0099,CS308,5,4
S0099,CS301,5,1
S0100,CS101,1,5
S0100,CS106,1,4
S0100,CS107,1,4
S0100,CS104,1,2
S0100,CS108,2,4
S0100,CS102,2,2
S0100,CS105,2,1
S0100,CS103,2,2
S0100,CS211,3,3
S0100,CS204,3,5
S0100,CS201,3,3
S0100,CS209,3,4
S0100,CS202,4,4
S0100,CS206,4,4
S0100,CS207,4,5
S0100,CS306,5,3
S0100,CS311,5,5
S0100,CS310,5,4
S0100,CS309,5,5
S0100,CS307,6,2
S0100,CS205,6,2
S0100,CS208,6,1
S0100,CS308,6,4
S0100,CS301,6,3
S0101,CS103,1,3
S0101,CS104,1,4
S0101,CS105,1,3
S0101,CS106,1,2
S0101,CS101,2,2
S0101,CS107,2,3
S0101,CS102,2,3
S0101,CS108,2,2
S0101,CS207,3,5
S0101,CS202,3,2
S0101,CS209,3,3
S0101,CS208,4,4
S0101,CS201,4,3
S0101,CS210,4,3
S0101,CS313,5,2
S0101,CS312,5,1
S0101,CS310,5,3
S0102,CS105,1,3
S0102,CS107,1,5
S0102,CS104,1,5
S0102,CS101,1,3
S0102,CS106,2,3
S0102,CS102,2,3
S0102,CS103,2,3
S0102,CS108,2,2
S0102,CS202,3,4
S0102,CS206,3,5
S0102,CS204,3,3
S0102,CS211,4,4
S0102,CS207,4,3
S0102,CS208,4,5
S0102,CS307,5,5
S0102,CS308,5,5
S0102,CS316,5,4
S0102,CS212,6,2
S0102,CS203,6,4
S0102,CS201,6,2
S0102,CS306,6,5
S0103,CS107,1,4
S0103,CS102,1,2
S0103,CS101,1,4
S0103,CS104,2,4
S0103,CS108,2,3
S0103,CS106,2,3
S0103,CS211,3,4
S0103,CS207,3,5
S0103,CS204,3,5
S0103,CS201,4,3
S0103,CS206,4,5
S0103,CS209,4,5
S0104,CS105,1,3
S0104,CS101,1,2
S0104,CS108,1,3
S0104,CS107,1,2
S0104,CS102,1,3
S0104,CS106,2,2
S0104,CS104,2,2
S0104,CS103,2,2
S0104,CS203,3,4
S0104,CS210,3,4
S0104,CS204,3,4
S0104,CS206,4,3
S0104,CS209,4,3
S0104,CS211,4,3
S0104,CS212,4,3
S0104,CS208,5,4
S0104,CS311,5,4
S0104,CS309,5,2
S0104,CS202,5,1
S0105,CS101,1,5
S0105,CS106,1,5
S0105,CS103,1,4
S0105,CS108,2,5
S0105,CS104,2,4
S0105,CS105,2,1
S0105,CS107,2,2
S0105,CS102,2,2
S0105,CS204,3,5
S0105,CS210,3,4
S0105,CS201,3,5
S0105,CS203,3,2
S0105,CS209,3,5
S0105,CS206,4,3
S0105,CS211,4,2
S0105,CS212,4,3
S0105,CS205,4,2
S0106,CS104,1,4
S0106,CS107,1,3
S0106,CS101,1,3
S0106,CS103,1,3
S0106,CS105,1,3
S0106,CS106,2,1
S0106,CS108,2,1
S0106,CS102,2,2
S0106,CS207,3,5
S0106,CS212,3,3
S0106,CS202,3,2
S0106,CS209,3,3
S0106,CS201,4,3
S0106,CS203,4,2
S0106,CS211,4,5
S0106,CS204,4,3
S0107,CS106,1,5
S0107,CS101,1,5
S0107,CS102,1,1
S0107,CS104,1,3
S0107,CS107,2,4
S0107,CS103,2,2
S0107,CS105,2,2
S0107,CS108,2,3
S0107,CS209,3,5
S0107,CS204,3,5
S0107,CS201,3,3
S0107,CS203,3,3
S0107,CS208,4,3
S0107,CS210,4,1
S0107,CS211,4,3
S0107,CS207,4,2
S0107,CS212,4,1
S0107,CS311,5,5
S0107,CS309,5,5
S0107,CS305,5,1
S0107,CS202,5,2
S0108,CS101,1,2
S0108,CS104,1,5
S0108,CS107,1,4
S0108,CS106,2,3
S0108,CS105,2,1
S0108,CS103,2,2
S0108,CS102,2,2
S0108,CS211,3,4
S0108,CS204,3,3
S0108,CS207,3,5
S0108,CS206,3,5
S0108,CS202,4,5
S0108,CS210,4,3
S0108,CS212,4,1
S0108,CS203,4,2
S0108,CS308,5,5
S0108,CS301,5,5
S0108,CS306,5,4
S0108,CS307,5,4
S0108,CS311,5,4
S0109,CS105,1,5
S0109,CS102,1,3
S0109,CS108,1,1
S0109,CS101,1,2
S0109,CS106,2,3
S0109,CS103,2,3
S0109,CS107,2,2
S0109,CS203,3,5
S0109,CS208,3,4
S0109,CS207,3,1
S0109,CS206,4,3
S0109,CS209,4,3
S0109,CS212,4,2
S0110,CS108,1,5
S0110,CS104,1,5
S0110,CS107,1,4
S0110,CS105,1,3
S0110,CS106,2,3
S0110,CS102,2,2
S0110,CS101,2,3
S0110,CS103,2,4
S0110,CS208,3,2
S0110,CS210,3,5
S0110,CS211,3,5
S0110,CS202,3,4
S0110,CS206,4,5
S0110,CS207,4,2
S0110,CS204,4,3
S0110,CS201,4,2
S0111,CS104,1,5
S0111,CS107,1,5
S0111,CS106,1,2
S0111,CS101,2,4
S0111,CS105,2,2
S0111,CS103,2,4
S0111,CS206,3,5
S0111,CS201,3,3
S0111,CS204,3,4
S0111,CS209,3,5
S0111,CS202,3,5
S0111,CS211,4,5
S0111,CS102,4,1
S0111,CS207,4,2
S0112,CS102,1,5
S0112,CS101,1,2
S0112,CS104,1,4
S0112,CS103,1,4
S0112,CS105,2,1
S0112,CS107,2,4
S0112,CS108,2,3
S0112,CS106,2,1
S0112,CS206,3,4
S0112,CS211,3,4
S0112,CS202,3,3
S0112,CS210,4,3
S0112,CS212,4,5
S0112,CS208,4,1
S0112,CS204,4,3
S0112,CS207,4,4
S0112,CS311,5,3
S0112,CS308,5,4
S0112,CS306,5,3
S0112,CS309,5,3
S0113,CS105,1,4
S0113,CS103,1,3
S0113,CS101,1,4
S0113,CS107,1,3
S0113,CS104,2,3
S0113,CS106,2,3
S0113,CS108,2,2
S0113,CS209,3,4
S0113,CS207,3,3
S0113,CS208,3,5
S0113,CS203,3,4
S0113,CS204,4,3
S0113,CS206,4,2
S0113,CS201,4,5
S0113,CS202,4,2
S0113,CS316,5,5
S0113,CS211,5,2
S0113,CS311,5,3
S0113,CS309,5,3
S0113,CS308,6,3
S0113,CS314,6,3
S0113,CS305,6,4
S0113,CS102,6,1
S0114,CS103,1,2
S0114,CS107,1,4
S0114,CS106,1,1
S0114,CS105,2,4
S0114,CS104,2,4
S0114,CS108,2,2
S0114,CS102,3,2
S0114,CS211,3,3
S0114,CS203,3,4
S0114,CS101,3,3
S0114,CS208,3,2
S0114,CS206,4,3
S0114,CS202,4,4
S0114,CS207,4,5
S0114,CS201,4,3
S0115,CS106,1,4
S0115,CS102,1,4
S0115,CS103,1,5
S0115,CS101,1,5
S0115,CS104,2,3
S0115,CS107,2,2
S0115,CS108,2,2
S0115,CS105,2,2
S0115,CS207,3,5
S0115,CS212,3,3
S0115,CS201,3,5
S0115,CS204,3,5
S0115,CS209,4,3
S0115,CS205,4,4
S0115,CS210,4,2
S0115,CS311,5,4
S0115,CS206,5,3
S0115,CS202,5,2
S0115,CS309,5,5
S0116,CS102,1,2
S0116,CS108,1,4
S0116,CS103,1,3
S0116,CS106,2,1
S0116,CS105,2,4
S0116,CS107,2,3
S0116,CS104,2,4
S0116,CS210,3,4
S0116,CS212,3,3
S0116,CS208,3,4
S0116,CS203,3,4
S0116,CS209,3,3
S0116,CS211,4,2
S0116,CS101,4,2
S0116,CS312,5,5
S0116,CS316,5,3
S0116,CS313,5,4
S0116,CS207,6,2
S0116,CS201,6,2
S0116,CS204,6,3
S0116,CS206,6,2
S0116,CS202,6,3
S0117,CS108,1,2
S0117,CS105,1,3
S0117,CS107,1,4
S0117,CS103,2,3
S0117,CS104,2,5
S0117,CS106,2,3
S0117,CS209,3,3
S0117,CS211,3,5
S0117,CS101,3,4
S0117,CS203,3,3
S0117,CS202,4,3
S0117,CS206,4,5
S0117,CS208,4,4
S0117,CS201,4,2
S0117,CS306,5,4
S0117,CS305,5,3
S0117,CS316,5,3
S0117,CS307,5,5
S0117,CS308,5,4
S0118,CS101,1,5
S0118,CS106,1,3
S0118,CS107,1,3
S0118,CS105,2,4
S0118,CS108,2,3
S0118,CS102,2,2
S0118,CS104,2,3
S0118,CS103,2,4
S0118,CS209,3,4
S0118,CS201,3,5
S0118,CS207,3,2
S0118,CS203,3,4
S0118,CS206,4,3
S0118,CS204,4,5
S0118,CS208,4,3
S0118,CS212,4,3
S0118,CS202,5,3
S0118,CS308,5,2
S0118,CS205,5,2
S0119,CS108,1,3
S0119,CS107,1,3
S0119,CS104,1,5
S0119,CS101,2,2
S0119,CS103,2,4
S0119,CS105,2,2
S0119,CS102,2,4
S0119,CS210,3,1
S0119,CS206,3,5
S0119,CS211,3,5
S0119,CS204,3,3
S0119,CS207,4,3
S0119,CS202,4,5
S0119,CS212,4,3
S0119,CS106,4,2
S0120,CS102,1,4
S0120,CS103,1,5
S0120,CS104,1,4
S0120,CS106,1,4
S0120,CS101,2,5
S0120,CS107,2,4
S0120,CS108,2,3
S0120,CS105,2,1
S0120,CS212,3,5
S0120,CS204,3,5
S0120,CS201,3,5
S0120,CS209,4,5
S0120,CS211,4,4
S0120,CS206,4,5
S0120,CS202,4,3
S0120,CS310,5,4
S0120,CS308,5,4
S0120,CS309,5,5
S0120,CS306,5,4
S0121,CS105,1,3
S0121,CS104,1,5
S0121,CS107,1,5
S0121,CS103,1,5
S0121,CS108,2,2
S0121,CS102,2,3
S0121,CS101,2,3
S0121,CS106,2,2
S0121,CS206,3,4
S0121,CS207,3,4
S0121,CS204,3,2
S0121,CS211,3,5
S0121,CS208,4,1
S0121,CS202,4,4
S0121,CS201,4,3
S0121,CS203,4,3
S0122,CS103,1,4
S0122,CS102,1,2
S0122,CS104,1,3
S0122,CS101,1,5
S0122,CS106,2,2
S0122,CS108,2,2
S0122,CS107,2,2
S0122,CS206,3,3
S0122,CS207,3,4
S0122,CS212,3,4
S0122,CS201,3,2
S0122,CS211,4,3
S0122,CS209,4,3
S0122,CS205,4,4
S0122,CS204,4,3
S0122,CS311,5,3
S0122,CS301,5,4
S0122,CS309,5,4
S0123,CS107,1,3
S0123,CS103,1,4
S0123,CS106,1,3
S0123,CS105,1,4
S0123,CS101,1,3
S0123,CS102,2,4
S0123,CS104,2,3
S0123,CS108,2,2
S0123,CS209,3,4
S0123,CS201,3,4
S0123,CS208,3,4
S0123,CS212,3,3
S0123,CS205,4,2
S0123,CS203,4,4
S0123,CS204,4,4
S0123,CS211,4,3
S0123,CS207,4,2
S0123,CS309,5,4
S0123,CS314,5,2
S0123,CS316,5,4
S0123,CS315,5,3
S0123,CS305,5,4
S0124,CS106,1,3
S0124,CS107,1,5
S0124,CS104,1,5
S0124,CS103,2,2
S0124,CS105,2,3
S0124,CS102,2,3
S0124,CS101,2,4
S0124,CS211,3,4
S0124,CS202,3,5
S0124,CS203,3,2
S0124,CS204,3,3
S0124,CS212,4,2
S0124,CS201,4,3
S0124,CS206,4,5
S0124,CS108,4,2
S0124,CS209,5,3
S0124,CS306,5,4
S0124,CS307,5,5
S0124,CS308,5,5
S0125,CS108,1,4
S0125,CS104,1,3
S0125,CS101,1,3
S0125,CS106,1,2
S0125,CS107,2,3
S0125,CS105,2,2
S0125,CS103,2,2
S0125,CS102,2,3
S0125,CS210,3,4
S0125,CS207,3,2
S0125,CS204,3,3
S0125,CS209,4,3
S0125,CS208,4,2
S0125,CS211,4,4
S0125,CS203,4,3
S0125,CS206,4,3
S0125,CS312,5,4
S0125,CS313,5,3
S0125,CS316,5,3
S0125,CS311,5,5
S0126,CS104,1,4
S0126,CS107,1,4
S0126,CS102,1,2
S0126,CS106,2,1
S0126,CS108,2,2
S0126,CS101,2,2
S0126,CS206,3,5
S0126,CS202,3,5
S0126,CS211,3,5
S0126,CS207,3,1
S0126,CS204,4,4
S0126,CS212,4,2
S0126,CS209,4,2
S0126,CS201,4,2
S0126,CS308,5,5
S0126,CS306,5,5
S0126,CS105,5,2
S0126,CS307,5,4
S0126,CS203,6,3
S0126,CS309,6,3
S0126,CS310,6,3
S0126,CS208,6,2
S0127,CS108,1,5
S0127,CS106,1,2
S0127,CS102,1,2
S0127,CS101,1,3
S0127,CS104,1,2
S0127,CS103,2,2
S0127,CS107,2,3
S0127,CS105,2,2
S0127,CS210,3,3
S0127,CS202,3,2
S0127,CS207,3,4
S0127,CS203,3,2
S0127,CS204,4,3
S0127,CS201,4,4
S0127,CS206,4,3
S0127,CS301,5,1
S0127,CS209,5,3
S0127,CS309,5,4
S0127,CS308,5,2
S0128,CS102,1,4
S0128,CS108,1,3
S0128,CS103,1,5
S0128,CS106,1,2
S0128,CS104,1,3
S0128,CS101,2,2
S0128,CS107,2,3
S0128,CS105,2,2
S0128,CS210,3,5
S0128,CS207,3,5
S0128,CS211,3,3
S0128,CS212,3,4
S0128,CS206,3,4
S0128,CS209,4,3
S0128,CS202,4,3
S0128,CS204,4,3
S0128,CS203,4,2
S0128,CS201,4,2
S0128,CS301,5,5
S0128,CS306,5,3
S0128,CS311,5,3
S0129,CS101,1,5
S0129,CS108,1,4
S0129,CS103,1,3
S0129,CS107,1,5
S0129,CS102,2,2
S0129,CS106,2,3
S0129,CS104,2,3
S0129,CS105,2,2
S0129,CS204,3,5
S0129,CS207,3,4
S0129,CS201,3,4
S0129,CS209,3,3
S0129,CS205,4,3
S0129,CS211,4,3
S0129,CS206,4,3
S0129,CS210,4,3
S0129,CS212,4,3
S0129,CS311,5,4
S0129,CS309,5,3
S0129,CS308,5,3
S0130,CS102,1,2
S0130,CS105,1,4
S0130,CS107,1,3
S0130,CS108,1,5
S0130,CS101,2,4
S0130,CS106,2,3
S0130,CS103,2,3
S0130,CS203,3,3
S0130,CS210,3,5
S0130,CS209,3,1
S0130,CS208,3,3
S0130,CS212,3,3
S0130,CS207,4,2
S0130,CS204,4,3
S0130,CS206,4,2
S0130,CS202,4,1
S0131,CS105,1,4
S0131,CS104,1,3
S0131,CS103,1,3
S0131,CS106,1,3
S0131,CS108,2,2
S0131,CS102,2,3
S0131,CS101,2,3
S0131,CS107,2,3
S0131,CS203,3,5
S0131,CS201,3,5
S0131,CS207,3,3
S0131,CS208,3,4
S0131,CS210,4,3
S0131,CS209,4,4
S0131,CS202,4,3
S0131,CS204,4,2
S0131,CS205,4,4
S0132,CS101,1,5
S0132,CS106,1,4
S0132,CS108,1,4
S0132,CS102,2,2
S0132,CS107,2,3
S0132,CS105,2,2
S0132,CS201,3,4
S0132,CS206,3,4
S0132,CS204,3,5
S0132,CS209,3,5
S0132,CS103,4,4
S0132,CS203,4,2
S0132,CS210,4,2
S0132,CS212,4,3
S0133,CS102,1,2
S0133,CS104,1,2
S0133,CS105,1,5
S0133,CS103,1,4
S0133,CS101,2,3
S0133,CS106,2,1
S0133,CS108,2,3
S0133,CS107,2,3
S0133,CS203,3,5
S0133,CS209,3,5
S0133,CS208,3,5
S0133,CS207,3,3
S0133,CS211,4,4
S0133,CS204,4,3
S0133,CS206,4,3
S0133,CS201,4,3
S0133,CS316,5,5
S0133,CS308,5,2
S0133,CS305,5,5
S0134,CS105,1,5
S0134,CS108,1,3
S0134,CS102,1,2
S0134,CS101,1,2
S0134,CS107,1,2
S0134,CS104,2,3
S0134,CS103,2,3
S0134,CS106,2,1
S0134,CS203,3,5
S0134,CS209,3,3
S0134,CS208,3,5
S0134,CS206,3,3
S0134,CS201,3,1
S0134,CS210,4,2
S0134,CS212,4,3
S0134,CS205,4,2
S0134,CS211,4,2
S0134,CS316,5,5
S0134,CS305,5,5
S0134,CS301,5,2
S0134,CS204,5,3
S0134,CS314,5,5
S0134,CS312,6,1
S0134,CS313,6,2
S0134,CS309,6,3
S0134,CS304,6,2
S0135,CS103,1,4
S0135,CS102,1,3
S0135,CS101,1,5
S0135,CS106,2,4
S0135,CS108,2,5
S0135,CS104,2,4
S0135,CS107,2,3
S0135,CS105,2,5
S0135,CS209,3,4
S0135,CS201,3,4
S0135,CS204,3,5
S0135,CS208,3,3
S0135,CS210,4,3
S0135,CS206,4,3
S0135,CS203,4,4
S0135,CS212,4,1
S0135,CS308,5,2
S0135,CS207,5,4
S0135,CS301,5,3
S0135,CS311,5,4
S0135,CS302,6,3
S0135,CS205,6,2
S0135,CS202,6,1
S0135,CS211,6,4
S0136,CS102,1,3
S0136,CS107,1,2
S0136,CS108,1,4
S0136,CS103,1,3
S0136,CS104,2,3
S0136,CS101,2,5
S0136,CS106,2,2
S0136,CS105,2,1
S0136,CS208,3,4
S0136,CS201,3,4
S0136,CS203,3,3
S0136,CS209,3,4
S0136,CS210,4,3
S0136,CS205,4,2
S0136,CS204,4,5
S0136,CS207,4,3
S0137,CS106,1,5
S0137,CS101,1,5
S0137,CS107,1,3
S0137,CS108,2,2
S0137,CS104,2,3
S0137,CS102,2,1
S0137,CS103,2,2
S0137,CS105,2,3
S0137,CS204,3,5
S0137,CS206,3,5
S0137,CS201,3,4
S0137,CS209,4,5
S0137,CS211,4,2
S0137,CS202,4,3
S0137,CS208,4,1
S0137,CS310,5,5
S0137,CS311,5,5
S0137,CS309,5,5
S0137,CS306,5,4
S0137,CS308,6,3
S0137,CS210,6,1
S0137,CS307,6,4
S0137,CS316,6,3
S0138,CS108,1,5
S0138,CS104,1,5
S0138,CS107,1,5
S0138,CS101,1,3
S0138,CS103,2,2
S0138,CS105,2,3
S0138,CS106,2,1
S0138,CS102,2,2
S0138,CS211,3,5
S0138,CS202,3,3
S0138,CS210,3,3
S0138,CS212,3,2
S0138,CS204,4,2
S0138,CS206,4,4
S0138,CS201,4,2
S0138,CS209,4,4
S0138,CS306,5,3
S0138,CS309,5,2
S0138,CS308,5,5
S0138,CS307,5,5
S0138,CS310,6,4
S0138,CS207,6,2
S0138,CS208,6,2
S0139,CS108,1,5
S0139,CS106,1,4
S0139,CS101,1,4
S0139,CS107,2,2
S0139,CS105,2,3
S0139,CS104,2,4
S0139,CS204,3,5
S0139,CS206,3,2
S0139,CS209,3,3
S0139,CS201,3,5
S0139,CS103,4,2
S0139,CS203,4,3
S0139,CS207,4,4
S0139,CS202,4,2
S0139,CS211,4,3
S0140,CS107,1,3
S0140,CS105,1,4
S0140,CS102,1,1
S0140,CS101,1,2
S0140,CS106,2,1
S0140,CS104,2,3
S0140,CS103,2,2
S0140,CS108,2,1
S0140,CS211,3,4
S0140,CS207,3,5
S0140,CS206,3,4
S0140,CS203,4,3
S0140,CS208,4,3
S0140,CS209,4,2
S0140,CS210,4,2
S0141,CS104,1,4
S0141,CS107,1,5
S0141,CS106,1,4
S0141,CS101,1,5
S0141,CS105,1,1
S0141,CS108,2,2
S0141,CS102,2,2
S0141,CS103,2,3
S0141,CS202,3,4
S0141,CS211,3,5
S0141,CS206,3,4
S0141,CS201,3,4
S0141,CS204,4,4
S0141,CS212,4,2
S0141,CS209,4,5
S0141,CS308,5,5
S0141,CS307,5,5
S0141,CS306,5,5
S0141,CS301,5,3
S0141,CS207,5,3
S0142,CS107,1,4
S0142,CS106,1,3
S0142,CS104,1,3
S0142,CS103,1,3
S0142,CS101,2,5
S0142,CS108,2,2
S0142,CS102,2,3
S0142,CS105,2,1
S0142,CS206,3,4
S0142,CS207,3,5
S0142,CS202,3,3
S0142,CS201,3,4
S0142,CS204,4,5
S0142,CS209,4,4
S0142,CS210,4,2
S0142,CS211,4,3
S0143,CS108,1,4
S0143,CS102,1,3
S0143,CS103,1,3
S0143,CS105,1,2
S0143,CS106,1,1
S0143,CS101,2,2
S0143,CS104,2,3
S0143,CS107,2,3
S0143,CS210,3,5
S0143,CS209,3,2
S0143,CS203,3,4
S0143,CS204,4,3
S0143,CS208,4,2
S0143,CS201,4,3
S0143,CS211,4,3
S0143,CS207,4,3
S0144,CS102,1,3
S0144,CS106,1,2
S0144,CS107,1,3
S0144,CS108,1,5
S0144,CS104,1,3
S0144,CS101,2,3
S0144,CS105,2,1
S0144,CS103,2,3
S0144,CS208,3,1
S0144,CS210,3,4
S0144,CS209,3,2
S0144,CS201,4,4
S0144,CS202,4,2
S0144,CS204,4,4
S0144,CS203,4,4
S0144,CS207,4,4
S0144,CS309,5,4
S0144,CS206,5,3
S0144,CS311,5,5
S0144,CS313,5,4
S0144,CS307,6,2
S0144,CS306,6,4
S0144,CS312,6,4
S0144,CS301,6,3
S0145,CS107,1,4
S0145,CS106,1,2
S0145,CS104,1,4
S0145,CS108,2,5
S0145,CS101,2,2
S0145,CS105,2,2
S0145,CS211,3,3
S0145,CS206,3,4
S0145,CS202,3,4
S0145,CS208,3,3
S0145,CS207,4,5
S0145,CS204,4,2
S0145,CS201,4,4
S0145,CS203,4,2
S0145,CS313,5,5
S0145,CS308,5,5
S0145,CS306,5,4
S0145,CS311,5,3
S0146,CS101,1,4
S0146,CS106,1,3
S0146,CS105,1,2
S0146,CS103,2,4
S0146,CS104,2,2
S0146,CS108,2,3
S0146,CS102,2,2
S0146,CS107,2,2
S0146,CS202,3,1
S0146,CS201,3,5
S0146,CS204,3,5
S0146,CS209,3,4
S0146,CS210,4,4
S0146,CS211,4,4
S0146,CS207,4,3
S0147,CS104,1,5
S0147,CS106,1,2
S0147,CS107,1,4
S0147,CS102,1,4
S0147,CS103,1,3
S0147,CS108,2,3
S0147,CS105,2,2
S0147,CS101,2,2
S0147,CS206,3,4
S0147,CS211,3,4
S0147,CS202,3,4
S0147,CS203,3,3
S0147,CS210,4,2
S0147,CS209,4,2
S0147,CS204,4,4
S0147,CS208,4,3
S0147,CS301,5,5
S0147,CS316,5,3
S0147,CS207,5,4
S0147,CS306,5,4
S0147,CS308,5,5
S0148,CS104,1,4
S0148,CS105,1,3
S0148,CS103,1,4
S0148,CS106,1,2
S0148,CS102,2,4
S0148,CS101,2,4
S0148,CS108,2,2
S0148,CS107,2,3
S0148,CS202,3,2
S0148,CS201,3,4
S0148,CS207,3,4
S0148,CS203,3,4
S0148,CS208,4,3
S0148,CS206,4,4
S0148,CS212,4,4
S0148,CS211,4,3
S0148,CS205,5,4
S0148,CS307,5,4
S0148,CS315,5,2
S0148,CS306,5,3
S0148,CS308,5,3
S0149,CS106,1,4
S0149,CS101,1,4
S0149,CS105,1,3
S0149,CS104,1,3
S0149,CS102,1,3
S0149,CS103,2,4
S0149,CS108,2,3
S0149,CS107,2,3
S0149,CS204,3,5
S0149,CS203,3,4
S0149,CS209,3,5
S0149,CS201,3,4
S0149,CS210,4,2
S0149,CS207,4,4
S0149,CS212,4,3
S0149,CS208,4,4
S0149,CS311,5,5
S0149,CS313,5,2
S0149,CS305,5,4
S0149,CS314,6,3
S0149,CS309,6,4
S0149,CS316,6,4
S0149,CS205,6,3
S0149,CS312,6,3
S0150,CS108,1,4
S0150,CS101,1,3
S0150,CS107,1,2
S0150,CS106,1,1
S0150,CS102,2,2
S0150,CS104,2,3
S0150,CS103,2,2
S0150,CS210,3,5
S0150,CS209,3,3
S0150,CS212,3,2
S0150,CS202,4,1
S0150,CS204,4,2
S0150,CS105,4,1
S0150,CS207,4,3
S0150,CS211,5,3
S0150,CS203,5,3
S0150,CS201,5,2
S0150,CS311,5,3
S0150,CS305,6,3
S0150,CS208,6,2
S0150,CS309,6,3
S0150,CS310,6,3
S0151,CS108,1,5
S0151,CS106,1,3
S0151,CS104,1,3
S0151,CS105,2,4
S0151,CS107,2,3
S0151,CS101,2,2
S0151,CS103,2,2
S0151,CS203,3,4
S0151,CS207,3,3
S0151,CS206,3,3
S0151,CS204,3,3
S0151,CS209,4,2
S0151,CS202,4,2
S0151,CS211,4,3
S0151,CS208,4,3
S0151,CS313,5,5
S0151,CS311,5,5
S0151,CS316,5,4
S0151,CS310,5,3
S0152,CS102,1,5
S0152,CS101,1,5
S0152,CS103,1,5
S0152,CS105,1,5
S0152,CS106,2,5
S0152,CS108,2,3
S0152,CS107,2,2
S0152,CS104,2,3
S0152,CS201,3,5
S0152,CS209,3,5
S0152,CS204,3,4
S0152,CS203,4,3
S0152,CS205,4,4
S0152,CS212,4,4
S0152,CS210,4,3
S0152,CS206,4,2
S0153,CS108,1,5
S0153,CS103,1,4
S0153,CS106,1,3
S0153,CS107,1,3
S0153,CS102,1,3
S0153,CS101,2,4
S0153,CS104,2,3
S0153,CS105,2,4
S0153,CS208,3,4
S0153,CS203,3,2
S0153,CS212,3,3
S0153,CS201,3,3
S0153,CS210,3,5
S0153,CS204,4,2
S0153,CS206,4,4
S0153,CS211,4,3
S0153,CS313,5,5
S0153,CS312,5,5
S0153,CS315,5,5
S0153,CS316,5,3
S0154,CS102,1,4
S0154,CS105,1,4
S0154,CS106,1,3
S0154,CS101,1,2
S0154,CS108,2,2
S0154,CS103,2,3
S0154,CS104,2,3
S0154,CS208,3,5
S0154,CS202,3,2
S0154,CS203,3,5
S0154,CS210,4,4
S0154,CS204,4,4
S0154,CS209,4,2
S0154,CS212,4,3
S0154,CS316,5,5
S0154,CS310,5,3
S0154,CS313,5,2
S0154,CS309,5,2
S0155,CS108,1,5
S0155,CS106,1,1
S0155,CS102,1,2
S0155,CS105,1,2
S0155,CS103,1,4
S0155,CS101,2,3
S0155,CS104,2,3
S0155,CS107,2,3
S0155,CS207,3,4
S0155,CS210,3,3
S0155,CS211,3,3
S0155,CS209,4,3
S0155,CS208,4,3
S0155,CS203,4,3
S0156,CS106,1,4
S0156,CS101,1,5
S0156,CS107,1,2
S0156,CS108,2,2
S0156,CS102,2,2
S0156,CS103,2,3
S0156,CS104,2,3
S0156,CS201,3,5
S0156,CS209,3,5
S0156,CS204,3,5
S0156,CS210,3,1
S0156,CS212,3,2
S0156,CS206,4,2
S0156,CS211,4,2
S0156,CS207,4,1
S0156,CS205,4,2
S0156,CS311,5,5
S0156,CS309,5,5
S0156,CS308,5,2
S0157,CS104,1,5
S0157,CS107,1,5
S0157,CS103,1,3
S0157,CS106,1,1
S0157,CS102,2,1
S0157,CS105,2,2
S0157,CS101,2,2
S0157,CS108,2,2
S0157,CS202,3,4
S0157,CS211,3,5
S0157,CS206,3,5
S0157,CS201,4,3
S0157,CS207,4,2
S0157,CS204,4,2
S0157,CS209,5,3
S0157,CS306,5,4
S0157,CS307,5,5
S0158,CS101,1,5
S0158,CS102,1,3
S0158,CS108,1,4
S0158,CS106,1,2
S0158,CS105,1,2
S0158,CS107,2,2
S0158,CS103,2,3
S0158,CS104,2,1
S0158,CS210,3,2
S0158,CS208,3,1
S0158,CS207,3,4
S0158,CS204,3,5
S0158,CS201,3,3
S0158,CS205,4,1
S0158,CS203,4,2
S0158,CS209,4,4
S0158,CS211,4,2
S0159,CS105,1,4
S0159,CS106,1,3
S0159,CS104,1,3
S0159,CS107,2,3
S0159,CS103,2,4
S0159,CS102,2,1
S0159,CS101,2,4
S0159,CS208,3,4
S0159,CS210,3,2
S0159,CS203,3,5
S0159,CS204,3,4
S0159,CS108,4,2
S0159,CS209,4,5
S0159,CS201,4,4
S0159,CS212,4,2
S0160,CS103,1,5
S0160,CS102,1,3
S0160,CS106,1,2
S0160,CS104,1,3
S0160,CS101,2,3
S0160,CS108,2,3
S0160,CS105,2,2
S0160,CS107,2,3
S0160,CS212,3,3
S0160,CS209,3,1
S0160,CS208,3,3
S0160,CS202,3,2
S0160,CS207,4,3
S0160,CS203,4,4
S0160,CS204,4,3
S0160,CS201,4,4
S0161,CS107,1,3
S0161,CS108,1,2
S0161,CS102,1,3
S0161,CS103,1,3
S0161,CS101,2,2
S0161,CS104,2,4
S0161,CS106,2,3
S0161,CS207,3,4
S0161,CS206,3,4
S0161,CS209,3,3
S0161,CS211,3,4
S0161,CS201,3,3
S0161,CS204,4,3
S0161,CS212,4,1
S0161,CS202,4,4
S0161,CS210,4,3
S0161,CS205,4,2
S0162,CS105,1,2
S0162,CS101,1,5
S0162,CS106,1,5
S0162,CS102,1,4
S0162,CS103,1,5
S0162,CS108,2,1
S0162,CS107,2,3
S0162,CS104,2,3
S0162,CS209,3,5
S0162,CS204,3,5
S0162,CS212,3,5
S0162,CS206,4,4
S0162,CS211,4,2
S0162,CS202,4,2
S0162,CS201,4,5
S0163,CS103,1,3
S0163,CS105,1,2
S0163,CS107,1,3
S0163,CS104,2,2
S0163,CS108,2,3
S0163,CS102,2,2
S0163,CS106,2,2
S0163,CS211,3,2
S0163,CS203,3,3
S0163,CS101,3,3
S0163,CS210,4,2
S0163,CS208,4,4
S0163,CS201,4,3
S0163,CS207,4,5
S0163,CS305,5,4
S0163,CS316,5,5
S0163,CS314,5,4
S0163,CS204,5,4
S0163,CS209,5,3
S0164,CS104,1,5
S0164,CS107,1,5
S0164,CS106,1,1
S0164,CS103,1,4
S0164,CS101,1,3
S0164,CS102,2,2
S0164,CS105,2,2
S0164,CS108,2,2
S0164,CS206,3,5
S0164,CS211,3,5
S0164,CS202,3,4
S0164,CS203,4,3
S0164,CS212,4,2
S0164,CS207,4,2
S0164,CS209,4,3
S0164,CS204,4,3
S0164,CS308,5,5
S0164,CS307,5,5
S0164,CS310,5,2
S0164,CS306,5,5
S0164,CS208,5,2
S0165,CS108,1,4
S0165,CS106,1,3
S0165,CS107,1,1
S0165,CS102,1,3
S0165,CS105,1,2
S0165,CS104,2,3
S0165,CS103,2,3
S0165,CS101,2,4
S0165,CS207,3,5
S0165,CS210,3,5
S0165,CS211,3,3
S0165,CS202,3,2
S0165,CS204,3,3
S0165,CS203,4,3
S0165,CS208,4,3
S0165,CS201,4,2
S0165,CS212,4,2
S0165,CS305,5,2
S0165,CS311,5,4
S0165,CS314,5,1
S0165,CS313,5,5
S0165,CS316,5,3
S0166,CS103,1,3
S0166,CS101,1,4
S0166,CS108,1,3
S0166,CS107,1,4
S0166,CS105,1,2
S0166,CS106,2,3
S0166,CS102,2,1
S0166,CS104,2,5
S0166,CS208,3,1
S0166,CS210,3,4
S0166,CS209,3,5
S0166,CS201,3,4
S0166,CS203,3,3
S0166,CS206,4,4
S0166,CS202,4,4
S0166,CS211,4,5
S0166,CS204,4,5
S0166,CS310,5,5
S0166,CS309,5,5
S0166,CS308,5,3
S0166,CS306,5,4
S0166,CS311,5,4
S0166,CS307,6,5
S0166,CS313,6,2
S0166,CS316,6,3
S0166,CS312,6,3
S0167,CS102,1,2
S0167,CS108,1,2
S0167,CS105,1,5
S0167,CS101,1,4
S0167,CS103,2,4
S0167,CS106,2,3
S0167,CS107,2,3
S0167,CS104,2,2
S0167,CS208,3,5
S0167,CS203,3,5
S0167,CS209,3,4
S0167,CS202,4,2
S0167,CS204,4,4
S0167,CS201,4,4
S0167,CS207,4,3
S0167,CS316,5,5
S0167,CS314,5,5
S0167,CS210,5,1
S0167,CS310,5,4
S0167,CS305,5,4
S0167,CS206,6,3
S0167,CS311,6,3
S0167,CS309,6,2
S0167,CS212,6,3
S0168,CS106,1,4
S0168,CS107,1,5
S0168,CS104,1,4
S0168,CS103,1,4
S0168,CS108,2,2
S0168,CS101,2,4
S0168,CS105,2,2
S0168,CS102,2,2
S0168,CS211,3,4
S0168,CS206,3,5
S0168,CS202,3,5
S0168,CS207,3,4
S0168,CS204,3,4
S0168,CS209,4,4
S0168,CS201,4,4
S0168,CS203,4,4
S0168,CS208,4,2
S0168,CS212,4,3
S0168,CS311,5,4
S0168,CS308,5,5
S0168,CS316,5,4
S0169,CS104,1,2
S0169,CS103,1,5
S0169,CS102,1,5
S0169,CS105,1,2
S0169,CS107,2,4
S0169,CS108,2,4
S0169,CS101,2,2
S0169,CS207,3,3
S0169,CS212,3,5
S0169,CS206,3,3
S0169,CS203,3,3
S0169,CS208,4,4
S0169,CS211,4,5
S0169,CS210,4,3
S0169,CS202,4,3
S0170,CS108,1,4
S0170,CS101,1,4
S0170,CS106,1,4
S0170,CS102,2,2
S0170,CS107,2,1
S0170,CS105,2,2
S0170,CS103,2,3
S0170,CS209,3,5
S0170,CS210,3,5
S0170,CS204,3,5
S0170,CS201,3,4
S0170,CS207,4,2
S0170,CS203,4,3
S0170,CS206,4,3
S0170,CS104,4,2
S0170,CS205,4,2
S0170,CS311,5,5
S0170,CS308,5,3
S0170,CS208,5,2
S0171,CS105,1,1
S0171,CS104,1,1
S0171,CS107,1,3
S0171,CS108,1,2
S0171,CS103,1,2
S0171,CS102,2,3
S0171,CS106,2,2
S0171,CS101,2,2
S0171,CS207,3,5
S0171,CS210,3,1
S0171,CS208,3,2
S0171,CS206,3,2
S0171,CS209,4,2
S0171,CS211,4,3
S0171,CS203,4,3
S0171,CS204,4,3
S0172,CS104,1,4
S0172,CS103,1,4
S0172,CS102,1,3
S0172,CS105,1,4
S0172,CS101,2,3
S0172,CS108,2,3
S0172,CS106,2,2
S0172,CS203,3,5
S0172,CS208,3,4
S0172,CS211,3,5
S0172,CS207,4,5
S0172,CS212,4,1
S0172,CS107,4,3
S0172,CS202,4,2
S0172,CS210,5,3
S0172,CS316,5,5
S0172,CS206,5,4
S0172,CS313,5,2
S0172,CS204,5,3
S0172,CS301,6,4
S0172,CS209,6,3
S0172,CS308,6,5
S0172,CS307,6,4
S0173,CS101,1,5
S0173,CS108,1,2
S0173,CS103,1,3
S0173,CS106,1,4
S0173,CS102,1,2
S0173,CS107,2,2
S0173,CS104,2,3
S0173,CS105,2,3
S0173,CS209,3,5
S0173,CS204,3,5
S0173,CS210,3,2
S0173,CS201,3,5
S0173,CS203,4,3
S0173,CS206,4,2
S0173,CS205,4,3
S0174,CS105,1,4
S0174,CS104,1,5
S0174,CS101,1,4
S0174,CS106,2,4
S0174,CS103,2,4
S0174,CS107,2,4
S0174,CS206,3,4
S0174,CS208,3,5
S0174,CS203,3,5
S0174,CS201,3,3
S0174,CS209,4,5
S0174,CS204,4,5
S0174,CS207,4,4
S0174,CS211,4,5
S0175,CS102,1,3
S0175,CS107,1,3
S0175,CS103,1,4
S0175,CS108,2,3
S0175,CS104,2,3
S0175,CS105,2,2
S0175,CS101,2,2
S0175,CS210,3,3
S0175,CS207,3,5
S0175,CS203,3,2
S0175,CS208,4,1
S0175,CS212,4,3
S0175,CS202,4,1
S0175,CS201,4,2
S0175,CS312,5,2
S0175,CS205,5,3
S0175,CS106,5,2
S0175,CS313,5,2
S0175,CS316,6,3
S0175,CS204,6,3
S0175,CS314,6,3
S0175,CS206,6,4
S0176,CS104,1,5
S0176,CS107,1,4
S0176,CS103,1,2
S0176,CS106,1,3
S0176,CS102,2,3
S0176,CS108,2,3
S0176,CS101,2,2
S0176,CS202,3,4
S0176,CS105,3,1
S0176,CS209,3,3
S0176,CS206,3,4
S0176,CS211,3,5
S0176,CS208,4,3
S0176,CS207,4,4
S0176,CS203,4,3
S0176,CS210,4,1
S0176,CS306,5,3
S0176,CS307,5,5
S0176,CS308,5,5
S0176,CS301,6,3
S0176,CS316,6,1
S0176,CS204,6,2
S0177,CS102,1,3
S0177,CS108,1,5
S0177,CS104,1,4
S0177,CS105,1,3
S0177,CS103,1,2
S0177,CS106,2,1
S0177,CS101,2,3
S0177,CS107,2,2
S0177,CS210,3,5
S0177,CS203,3,3
S0177,CS209,3,2
S0177,CS212,3,3
S0177,CS202,4,2
S0177,CS211,4,3
S0177,CS206,4,2
S0177,CS310,5,2
S0177,CS307,5,2
S0177,CS301,5,2
S0177,CS208,5,3
S0178,CS104,1,4
S0178,CS105,1,2
S0178,CS107,1,5
S0178,CS108,1,3
S0178,CS106,2,2
S0178,CS101,2,3
S0178,CS102,2,2
S0178,CS103,2,2
S0178,CS201,3,3
S0178,CS209,3,4
S0178,CS206,3,5
S0178,CS204,4,3
S0178,CS210,4,3
S0178,CS211,4,4
S0178,CS202,4,3
S0179,CS107,1,5
S0179,CS104,1,4
S0179,CS101,1,4
S0179,CS102,1,4
S0179,CS103,1,4
S0179,CS108,2,3
S0179,CS105,2,3
S0179,CS106,2,3
S0179,CS202,3,5
S0179,CS211,3,5
S0179,CS206,3,4
S0179,CS201,3,3
S0179,CS208,3,4
S0179,CS212,4,3
S0179,CS209,4,3
S0179,CS203,4,2
S0179,CS204,4,4
S0179,CS205,4,3
S0179,CS307,5,4
S0179,CS316,5,5
S0179,CS309,5,4
S0179,CS311,5,5
S0179,CS308,6,5
S0179,CS315,6,2
S0179,CS306,6,5
S0179,CS305,6,1
S0180,CS102,1,5
S0180,CS107,1,4
S0180,CS103,1,5
S0180,CS108,1,3
S0180,CS105,2,2
S0180,CS104,2,4
S0180,CS101,2,4
S0180,CS106,2,4
S0180,CS212,3,5
S0180,CS209,3,2
S0180,CS210,3,1
S0180,CS211,3,3
S0180,CS208,4,3
S0180,CS201,4,3
S0180,CS203,4,3
S0180,CS206,4,2
S0180,CS204,4,4
S0181,CS101,1,2
S0181,CS102,1,3
S0181,CS103,1,3
S0181,CS105,1,3
S0181,CS106,2,2
S0181,CS107,2,2
S0181,CS108,2,3
S0181,CS104,2,3
S0181,CS207,3,5
S0181,CS212,3,4
S0181,CS208,3,3
S0181,CS206,3,4
S0181,CS209,4,2
S0181,CS202,4,2
S0181,CS203,4,3
S0181,CS201,4,2
S0181,CS204,4,3
S0182,CS102,1,2
S0182,CS106,1,3
S0182,CS104,1,3
S0182,CS105,1,2
S0182,CS103,1,3
S0182,CS101,2,3
S0182,CS108,2,1
S0182,CS107,2,4
S0182,CS207,3,5
S0182,CS208,3,3
S0182,CS206,3,3
S0182,CS203,4,4
S0182,CS210,4,1
S0182,CS212,4,2
S0182,CS204,4,2
S0183,CS107,1,4
S0183,CS105,1,4
S0183,CS106,1,2
S0183,CS103,2,4
S0183,CS101,2,5
S0183,CS104,2,4
S0183,CS208,3,4
S0183,CS206,3,5
S0183,CS211,3,5
S0183,CS204,3,4
S0183,CS202,4,2
S0183,CS209,4,5
S0183,CS203,4,4
S0183,CS207,4,3
S0184,CS108,1,4
S0184,CS104,1,5
S0184,CS107,1,5
S0184,CS103,1,3
S0184,CS106,2,2
S0184,CS101,2,3
S0184,CS105,2,3
S0184,CS102,2,2
S0184,CS211,3,5
S0184,CS202,3,3
S0184,CS206,3,5
S0184,CS201,3,3
S0184,CS207,4,4
S0184,CS208,4,2
S0184,CS203,4,3
S0184,CS204,4,3
S0184,CS306,5,5
S0184,CS301,5,3
S0184,CS307,5,5
S0184,CS308,5,4
S0184,CS210,5,1
S0184,CS311,6,3
S0184,CS209,6,2
S0184,CS302,6,2
S0184,CS304,6,3
S0185,CS107,1,4
S0185,CS104,1,5
S0185,CS101,1,3
S0185,CS106,1,2
S0185,CS103,1,3
S0185,CS102,2,2
S0185,CS105,2,2
S0185,CS108,2,3
S0185,CS202,3,3
S0185,CS211,3,4
S0185,CS206,3,5
S0185,CS204,3,4
S0185,CS201,4,2
S0185,CS209,4,3
S0185,CS207,4,3
S0185,CS210,4,4
S0185,CS306,5,5
S0185,CS309,5,3
S0185,CS308,5,4
S0186,CS104,1,4
S0186,CS101,1,5
S0186,CS106,1,5
S0186,CS105,2,1
S0186,CS102,2,3
S0186,CS107,2,4
S0186,CS103,2,4
S0186,CS212,3,3
S0186,CS209,3,5
S0186,CS206,3,4
S0186,CS211,3,5
S0186,CS204,3,5
S0186,CS207,4,4
S0186,CS201,4,4
S0186,CS210,4,2
S0186,CS203,4,2
S0187,CS104,1,5
S0187,CS107,1,5
S0187,CS102,1,1
S0187,CS108,1,2
S0187,CS105,1,1
S0187,CS106,2,1
S0187,CS101,2,2
S0187,CS103,2,3
S0187,CS209,3,4
S0187,CS211,3,4
S0187,CS206,3,4
S0187,CS204,3,2
S0187,CS207,4,3
S0187,CS202,4,4
S0187,CS201,4,1
S0187,CS307,5,4
S0187,CS306,5,5
S0187,CS308,5,5
S0187,CS309,5,3
S0187,CS212,6,1
S0187,CS301,6,3
S0187,CS311,6,3
S0187,CS310,6,2
S0188,CS105,1,2
S0188,CS103,1,5
S0188,CS102,1,4
S0188,CS107,1,4
S0188,CS106,2,2
S0188,CS104,2,5
S0188,CS101,2,2
S0188,CS206,3,5
S0188,CS207,3,4
S0188,CS211,3,5
S0188,CS212,4,3
S0188,CS108,4,2
S0188,CS203,4,3
S0188,CS202,4,5
S0188,CS208,4,2
S0188,CS204,5,2
S0188,CS308,5,5
S0188,CS316,5,5
S0189,CS101,1,3
S0189,CS102,1,3
S0189,CS106,1,2
S0189,CS104,1,4
S0189,CS103,2,5
S0189,CS105,2,4
S0189,CS107,2,4
S0189,CS108,2,3
S0189,CS211,3,3
S0189,CS201,3,2
S0189,CS203,3,5
S0189,CS204,4,3
S0189,CS208,4,5
S0189,CS212,4,5
S0189,CS206,4,2
S0190,CS106,1,2
S0190,CS105,1,3
S0190,CS108,1,3
S0190,CS104,1,2
S0190,CS101,2,5
S0190,CS107,2,2
S0190,CS103,2,4
S0190,CS203,3,5
S0190,CS204,3,3
S0190,CS208,3,5
S0190,CS207,3,3
S0190,CS201,4,4
S0190,CS209,4,3
S0190,CS202,4,3
S0191,CS101,1,5
S0191,CS106,1,5
S0191,CS107,1,3
S0191,CS103,2,2
S0191,CS108,2,2
S0191,CS104,2,4
S0191,CS105,2,2
S0191,CS102,2,2
S0191,CS204,3,5
S0191,CS209,3,5
S0191,CS210,3,3
S0191,CS201,4,5
S0191,CS202,4,2
S0191,CS208,4,3
S0191,CS206,4,3
S0191,CS310,5,5
S0191,CS311,5,5
S0191,CS309,5,4
S0191,CS307,5,3
S0191,CS308,6,3
S0191,CS203,6,2
S0191,CS313,6,3
S0192,CS107,1,5
S0192,CS101,1,3
S0192,CS104,1,5
S0192,CS108,1,2
S0192,CS103,2,4
S0192,CS106,2,4
S0192,CS102,2,4
S0192,CS211,3,5
S0192,CS206,3,5
S0192,CS212,3,3
S0192,CS202,4,3
S0192,CS209,4,4
S0192,CS201,4,2
S0192,CS204,4,2
S0192,CS105,4,1
S0192,CS307,5,4
S0192,CS309,5,3
S0192,CS308,5,5
S0192,CS205,5,2
S0192,CS208,6,1
S0192,CS311,6,4
S0192,CS207,6,4
S0193,CS102,1,5
S0193,CS103,1,5
S0193,CS101,1,2
S0193,CS108,2,2
S0193,CS104,2,2
S0193,CS105,2,3
S0193,CS107,2,3
S0193,CS106,2,3
S0193,CS210,3,3
S0193,CS212,3,5
S0193,CS201,3,3
S0193,CS204,3,3
S0193,CS205,4,5
S0193,CS207,4,3
S0193,CS209,4,2
S0193,CS206,4,2
S0193,CS203,4,4
S0193,CS311,5,3
S0193,CS315,5,5
S0193,CS211,5,2
S0193,CS208,6,2
S0193,CS308,6,2
S0193,CS309,6,3
S0193,CS202,6,2
S0194,CS101,1,3
S0194,CS106,1,4
S0194,CS105,1,3
S0194,CS107,2,3
S0194,CS104,2,4
S0194,CS108,2,3
S0194,CS208,3,4
S0194,CS201,3,5
S0194,CS204,3,5
S0194,CS211,4,4
S0194,CS202,4,3
S0194,CS102,4,1
S0194,CS209,4,5
S0194,CS311,5,5
S0194,CS310,5,5
S0194,CS309,5,5
S0194,CS210,6,4
S0194,CS206,6,3
S0194,CS314,6,4
S0195,CS107,1,5
S0195,CS104,1,5
S0195,CS103,1,3
S0195,CS102,1,2
S0195,CS106,2,3
S0195,CS105,2,2
S0195,CS101,2,3
S0195,CS108,2,3
S0195,CS202,3,5
S0195,CS204,3,3
S0195,CS207,3,3
S0195,CS203,3,3
S0195,CS211,3,4
S0195,CS206,4,5
S0195,CS212,4,2
S0195,CS210,4,1
S0195,CS308,5,5
S0195,CS208,5,2
S0195,CS306,5,4
S0195,CS307,6,5
S0195,CS301,6,4
S0195,CS312,6,1
S0195,CS316,6,4
S0196,CS104,1,4
S0196,CS103,1,2
S0196,CS105,1,4
S0196,CS107,2,3
S0196,CS101,2,1
S0196,CS102,2,2
S0196,CS108,2,3
S0196,CS207,3,5
S0196,CS208,3,5
S0196,CS202,3,2
S0196,CS210,3,2
S0196,CS203,3,5
S0196,CS201,4,2
S0196,CS211,4,2
S0196,CS206,4,2
S0196,CS106,4,3
S0196,CS212,4,4
S0196,CS316,5,4
S0196,CS313,5,2
S0196,CS306,5,2
S0196,CS307,5,3
S0196,CS315,6,1
S0196,CS205,6,3
S0196,CS314,6,4
S0197,CS107,1,4
S0197,CS104,1,5
S0197,CS101,1,2
S0197,CS102,1,1
S0197,CS105,2,5
S0197,CS108,2,2
S0197,CS103,2,2
S0197,CS106,2,2
S0197,CS208,3,5
S0197,CS201,3,3
S0197,CS206,3,5
S0197,CS203,3,5
S0197,CS202,4,4
S0197,CS211,4,5
S0197,CS212,4,3
S0197,CS204,4,4
S0197,CS210,4,4
S0197,CS307,5,4
S0197,CS316,5,5
S0197,CS305,5,5
S0197,CS306,5,3
S0198,CS106,1,4
S0198,CS102,1,2
S0198,CS105,1,2
S0198,CS104,1,2
S0198,CS101,2,3
S0198,CS103,2,3
S0198,CS107,2,2
S0198,CS108,2,3
S0198,CS207,3,5
S0198,CS201,3,4
S0198,CS211,3,3
S0198,CS204,3,4
S0198,CS202,4,2
S0198,CS206,4,4
S0198,CS208,4,2
S0198,CS203,4,3
S0198,CS205,4,3
S0198,CS209,5,4
S0198,CS212,5,4
S0198,CS309,5,4
S0198,CS301,5,5
S0198,CS302,6,5
S0198,CS308,6,3
S0198,CS303,6,5
S0198,CS305,6,3
S0199,CS107,1,5
S0199,CS101,1,5
S0199,CS104,1,4
S0199,CS106,1,4
S0199,CS108,2,4
S0199,CS105,2,3
S0199,CS103,2,2
S0199,CS102,2,2
S0199,CS206,3,5
S0199,CS209,3,5
S0199,CS201,3,3
S0199,CS211,3,5
S0199,CS204,4,5
S0199,CS210,4,3
S0199,CS202,4,3
S0199,CS203,4,2
S0199,CS208,4,2
S0199,CS309,5,5
S0199,CS313,5,2
S0199,CS307,5,3
S0199,CS306,5,4
S0200,CS104,1,5
S0200,CS107,1,5
S0200,CS106,1,2
S0200,CS102,1,2
S0200,CS103,1,3
S0200,CS108,2,2
S0200,CS105,2,3
S0200,CS101,2,2
S0200,CS210,3,1
S0200,CS211,3,5
S0200,CS202,3,5
S0200,CS206,3,5
S0200,CS207,4,4
S0200,CS209,4,2
S0200,CS204,4,2
S0200,CS203,4,3
S0200,CS306,5,5
S0200,CS308,5,5
S0200,CS208,5,1
S0200,CS307,6,5
S0200,CS309,6,5
S0200,CS312,6,1
S0200,CS301,6,3
S0201,CS105,1,4
S0201,CS101,1,2
S0201,CS108,1,4
S0201,CS107,2,3
S0201,CS102,2,2
S0201,CS106,2,2
S0201,CS103,2,3
S0201,CS104,2,3
S0201,CS208,3,4
S0201,CS203,3,5
S0201,CS202,3,3
S0201,CS210,3,5
S0201,CS211,4,2
S0201,CS206,4,4
S0201,CS204,4,2
S0201,CS212,4,3
S0201,CS316,5,5
S0201,CS307,5,3
S0201,CS306,5,3
S0201,CS311,5,2
S0202,CS103,1,3
S0202,CS106,1,4
S0202,CS101,1,5
S0202,CS102,1,4
S0202,CS108,2,3
S0202,CS105,2,4
S0202,CS104,2,1
S0202,CS107,2,4
S0202,CS201,3,4
S0202,CS210,3,3
S0202,CS207,3,4
S0202,CS209,4,5
S0202,CS203,4,5
S0202,CS205,4,2
S0202,CS208,4,4
S0203,CS103,1,4
S0203,CS101,1,3
S0203,CS102,1,4
S0203,CS108,1,5
S0203,CS106,2,2
S0203,CS107,2,2
S0203,CS104,2,5
S0203,CS105,2,3
S0203,CS212,3,4
S0203,CS208,3,4
S0203,CS210,3,4
S0203,CS201,3,4
S0203,CS205,4,5
S0203,CS207,4,4
S0203,CS202,4,3
S0204,CS106,1,4
S0204,CS101,1,5
S0204,CS105,1,4
S0204,CS104,1,1
S0204,CS103,1,3
S0204,CS107,2,3
S0204,CS108,2,3
S0204,CS102,2,1
S0204,CS208,3,3
S0204,CS209,3,5
S0204,CS207,3,2
S0204,CS201,3,5
S0204,CS203,3,5
S0204,CS204,4,5
S0204,CS210,4,2
S0204,CS206,4,3
S0204,CS202,4,2
S0205,CS108,1,5
S0205,CS103,1,3
S0205,CS105,1,5
S0205,CS104,2,4
S0205,CS101,2,3
S0205,CS107,2,3
S0205,CS102,2,2
S0205,CS106,2,2
S0205,CS210,3,4
S0205,CS203,3,5
S0205,CS207,3,3
S0205,CS208,3,5
S0205,CS211,3,2
S0205,CS204,4,3
S0205,CS201,4,3
S0205,CS212,4,2
S0205,CS206,4,4
S0205,CS309,5,3
S0205,CS205,5,4
S0205,CS314,5,4
S0205,CS305,5,5
S0206,CS103,1,5
S0206,CS104,1,4
S0206,CS102,1,4
S0206,CS107,1,3
S0206,CS105,2,3
S0206,CS106,2,2
S0206,CS101,2,4
S0206,CS210,3,3
S0206,CS212,3,4
S0206,CS211,3,3
S0206,CS204,3,4
S0206,CS209,4,3
S0206,CS203,4,3
S0206,CS202,4,3
S0206,CS208,4,3
S0206,CS312,5,1
S0206,CS310,5,2
S0206,CS309,5,1
S0206,CS201,5,3
S0206,CS207,6,1
S0206,CS311,6,4
S0206,CS205,6,5
S0206,CS315,6,4
S0207,CS106,1,4
S0207,CS101,1,4
S0207,CS108,1,3
S0207,CS102,1,1
S0207,CS107,2,3
S0207,CS103,2,1
S0207,CS105,2,1
S0207,CS209,3,4
S0207,CS204,3,4
S0207,CS201,3,4
S0207,CS207,3,2
S0207,CS203,4,3
S0207,CS206,4,2
S0207,CS210,4,1
S0207,CS212,4,2
S0207,CS311,5,4
S0207,CS208,5,2
S0207,CS309,5,4
S0207,CS104,5,2
S0208,CS104,1,3
S0208,CS106,1,4
S0208,CS101,1,4
S0208,CS107,1,4
S0208,CS102,2,1
S0208,CS105,2,2
S0208,CS108,2,3
S0208,CS103,2,3
S0208,CS201,3,5
S0208,CS209,3,5
S0208,CS204,3,5
S0208,CS210,4,2
S0208,CS206,4,4
S0208,CS203,4,3
S0208,CS309,5,5
S0208,CS308,5,3
S0208,CS311,5,5
S0208,CS207,5,2
S0209,CS101,1,5
S0209,CS106,1,5
S0209,CS108,1,4
S0209,CS102,1,2
S0209,CS104,2,3
S0209,CS103,2,4
S0209,CS107,2,2
S0209,CS105,2,1
S0209,CS209,3,5
S0209,CS210,3,5
S0209,CS204,3,5
S0209,CS201,3,5
S0209,CS207,4,5
S0209,CS206,4,2
S0209,CS211,4,2
S0210,CS104,1,3
S0210,CS101,1,3
S0210,CS108,1,3
S0210,CS107,1,3
S0210,CS103,2,2
S0210,CS106,2,1
S0210,CS105,2,2
S0210,CS102,2,2
S0210,CS206,3,3
S0210,CS207,3,5
S0210,CS211,3,3
S0210,CS212,3,3
S0210,CS203,4,2
S0210,CS208,4,3
S0210,CS210,4,2
S0210,CS301,5,5
S0210,CS313,5,2
S0210,CS308,5,2
S0211,CS108,1,3
S0211,CS104,1,2
S0211,CS103,1,4
S0211,CS102,1,1
S0211,CS101,2,3
S0211,CS106,2,2
S0211,CS105,2,2
S0211,CS207,3,5
S0211,CS201,3,2
S0211,CS212,3,3
S0211,CS208,3,1
S0211,CS203,3,3
S0211,CS211,4,3
S0211,CS205,4,2
S0211,CS202,4,2
S0211,CS107,4,3
S0211,CS316,5,4
S0211,CS210,5,2
S0211,CS209,5,3
S0211,CS206,5,3
S0212,CS103,1,3
S0212,CS106,1,3
S0212,CS108,1,5
S0212,CS101,2,3
S0212,CS107,2,3
S0212,CS102,2,3
S0212,CS204,3,5
S0212,CS209,3,4
S0212,CS201,3,4
S0212,CS202,3,2
S0212,CS207,4,4
S0212,CS104,4,3
S0212,CS210,4,4
S0212,CS205,4,4
S0213,CS105,1,5
S0213,CS107,1,3
S0213,CS102,1,4
S0213,CS103,1,5
S0213,CS108,2,2
S0213,CS101,2,2
S0213,CS106,2,2
S0213,CS104,2,3
S0213,CS207,3,4
S0213,CS208,3,4
S0213,CS203,3,5
S0213,CS212,3,4
S0213,CS204,4,4
S0213,CS211,4,3
S0213,CS209,4,4
S0213,CS316,5,5
S0213,CS206,5,4
S0213,CS202,5,2
S0213,CS311,5,5
S0213,CS201,5,3
S0213,CS313,6,2
S0213,CS305,6,5
S0213,CS314,6,4
S0213,CS205,6,5
S0213,CS315,6,4
S0214,CS103,1,5
S0214,CS102,1,4
S0214,CS104,1,4
S0214,CS106,1,1
S0214,CS105,2,2
S0214,CS101,2,2
S0214,CS107,2,4
S0214,CS108,2,2
S0214,CS212,3,5
S0214,CS211,3,4
S0214,CS207,3,4
S0214,CS201,3,2
S0214,CS206,4,3
S0214,CS205,4,5
S0214,CS202,4,4
S0214,CS204,4,4
S0214,CS315,5,5
S0214,CS203,5,3
S0214,CS307,5,3
S0214,CS209,5,2
S0214,CS208,6,1
S0214,CS306,6,4
S0214,CS301,6,4
S0214,CS308,6,3
S0215,CS104,1,5
S0215,CS103,1,5
S0215,CS107,1,5
S0215,CS102,1,4
S0215,CS105,2,3
S0215,CS101,2,3
S0215,CS106,2,2
S0215,CS108,2,3
S0215,CS202,3,4
S0215,CS212,3,4
S0215,CS211,3,5
S0215,CS206,3,4
S0215,CS208,4,4
S0215,CS207,4,5
S0215,CS203,4,4
S0215,CS204,4,2
S0215,CS209,4,2
S0215,CS307,5,5
S0215,CS308,5,5
S0215,CS306,5,3
S0215,CS313,5,2
S0215,CS301,6,4
S0215,CS210,6,2
S0215,CS316,6,4
S0215,CS311,6,4
S0216,CS103,1,4
S0216,CS105,1,3
S0216,CS102,1,3
S0216,CS101,2,3
S0216,CS108,2,3
S0216,CS106,2,1
S0216,CS107,2,2
S0216,CS207,3,4
S0216,CS203,3,4
S0216,CS210,3,2
S0216,CS208,3,3
S0216,CS204,4,2
S0216,CS206,4,3
S0216,CS201,4,2
S0216,CS212,4,3
S0216,CS313,5,1
S0216,CS305,5,3
S0216,CS309,5,3
S0216,CS315,5,4
S0217,CS107,1,4
S0217,CS106,1,4
S0217,CS104,1,4
S0217,CS101,2,3
S0217,CS103,2,5
S0217,CS105,2,3
S0217,CS102,2,4
S0217,CS202,3,4
S0217,CS210,3,3
S0217,CS211,3,4
S0217,CS206,3,5
S0217,CS203,4,4
S0217,CS201,4,2
S0217,CS208,4,2
S0217,CS204,4,3
S0217,CS312,5,3
S0217,CS311,5,4
S0217,CS305,5,3
S0217,CS108,5,4
S0217,CS306,6,4
S0217,CS307,6,4
S0217,CS209,6,4
S0217,CS308,6,5
S0218,CS103,1,5
S0218,CS102,1,5
S0218,CS104,1,2
S0218,CS107,1,3
S0218,CS101,2,3
S0218,CS108,2,3
S0218,CS105,2,2
S0218,CS106,2,2
S0218,CS212,3,5
S0218,CS201,3,2
S0218,CS210,3,2
S0218,CS205,4,4
S0218,CS204,4,3
S0218,CS202,4,3
S0218,CS315,5,3
S0218,CS309,5,2
S0218,CS206,5,4
S0218,CS311,5,3
S0218,CS308,6,4
S0218,CS301,6,3
S0218,CS203,6,4
S0218,CS306,6,3
S0218,CS208,6,2
S0219,CS108,1,5
S0219,CS103,1,5
S0219,CS106,1,3
S0219,CS101,2,4
S0219,CS105,2,3
S0219,CS104,2,3
S0219,CS102,2,3
S0219,CS212,3,3
S0219,CS207,3,4
S0219,CS210,3,4
S0219,CS203,4,4
S0219,CS209,4,4
S0219,CS204,4,4
S0219,CS201,4,5
S0219,CS202,4,2
S0219,CS310,5,4
S0219,CS309,5,3
S0219,CS305,5,4
S0219,CS311,5,5
S0220,CS104,1,3
S0220,CS107,1,4
S0220,CS105,1,2
S0220,CS108,1,4
S0220,CS103,2,3
S0220,CS102,2,3
S0220,CS106,2,3
S0220,CS101,2,2
S0220,CS207,3,5
S0220,CS203,3,3
S0220,CS211,3,4
S0220,CS206,3,5
S0220,CS202,3,4
S0220,CS204,4,3
S0220,CS212,4,4
S0220,CS210,4,3
S0220,CS301,5,5
S0220,CS306,5,4
S0220,CS307,5,2
S0220,CS201,5,2
S0220,CS308,5,3
S0220,CS302,6,4
S0220,CS303,6,5
S0220,CS304,6,5
S0220,CS315,6,4
S0221,CS106,1,4
S0221,CS101,1,4
S0221,CS103,1,5
S0221,CS104,1,2
S0221,CS102,2,3
S0221,CS105,2,2
S0221,CS107,2,3
S0221,CS204,3,4
S0221,CS201,3,5
S0221,CS209,3,5
S0221,CS212,3,3
S0221,CS207,3,3
S0221,CS205,4,3
S0221,CS203,4,4
S0221,CS211,4,4
S0221,CS108,5,2
S0221,CS311,5,4
S0221,CS208,5,2
S0221,CS315,6,4
S0221,CS309,6,5
S0221,CS206,6,3
S0221,CS210,6,3
S0222,CS106,1,3
S0222,CS104,1,2
S0222,CS101,1,4
S0222,CS102,1,2
S0222,CS108,2,4
S0222,CS105,2,2
S0222,CS103,2,3
S0222,CS209,3,4
S0222,CS204,3,5
S0222,CS201,3,5
S0222,CS203,4,5
S0222,CS208,4,3
S0222,CS211,4,2
S0222,CS207,4,5
S0222,CS305,5,3
S0222,CS309,5,5
S0222,CS313,5,2
S0222,CS311,5,4
S0222,CS314,6,2
S0222,CS316,6,4
S0222,CS107,6,2
S0223,CS106,1,2
S0223,CS108,1,3
S0223,CS101,1,3
S0223,CS104,1,3
S0223,CS102,1,2
S0223,CS107,2,2
S0223,CS105,2,2
S0223,CS103,2,3
S0223,CS207,3,4
S0223,CS202,3,2
S0223,CS211,3,3
S0223,CS209,4,2
S0223,CS210,4,2
S0223,CS208,4,3
S0223,CS206,5,3
S0223,CS204,5,3
S0223,CS312,5,1
S0224,CS108,1,5
S0224,CS101,1,3
S0224,CS105,1,1
S0224,CS107,2,3
S0224,CS103,2,4
S0224,CS102,2,3
S0224,CS206,3,4
S0224,CS210,3,4
S0224,CS212,3,2
S0224,CS204,3,2
S0224,CS203,4,3
S0224,CS104,4,4
S0224,CS207,4,4
S0225,CS102,1,4
S0225,CS103,1,5
S0225,CS107,1,4
S0225,CS105,1,3
S0225,CS106,2,2
S0225,CS104,2,5
S0225,CS108,2,1
S0225,CS212,3,4
S0225,CS101,3,3
S0225,CS208,3,2
S0225,CS209,4,2
S0225,CS207,4,2
S0225,CS202,4,3
S0225,CS211,4,4
S0226,CS102,1,5
S0226,CS103,1,5
S0226,CS106,1,4
S0226,CS101,2,4
S0226,CS108,2,3
S0226,CS107,2,3
S0226,CS209,3,4
S0226,CS212,3,4
S0226,CS201,3,5
S0226,CS204,4,5
S0226,CS205,4,5
S0226,CS207,4,3
S0226,CS105,4,2
S0226,CS210,4,3
S0226,CS311,5,5
S0226,CS309,5,5
S0226,CS315,5,5
S0226,CS203,5,3
S0227,CS102,1,4
S0227,CS103,1,5
S0227,CS104,1,2
S0227,CS107,1,3
S0227,CS105,2,1
S0227,CS106,2,2
S0227,CS101,2,3
S0227,CS108,2,3
S0227,CS212,3,4
S0227,CS202,3,2
S0227,CS201,3,4
S0227,CS206,3,3
S0227,CS205,4,5
S0227,CS207,4,2
S0227,CS204,4,5
S0228,CS102,1,4
S0228,CS101,1,5
S0228,CS103,1,4
S0228,CS106,1,5
S0228,CS107,2,4
S0228,CS104,2,4
S0228,CS105,2,2
S0228,CS108,2,2
S0228,CS204,3,5
S0228,CS209,3,5
S0228,CS201,3,4
S0228,CS210,4,4
S0228,CS205,4,4
S0228,CS206,4,4
S0228,CS211,4,3
S0228,CS207,4,1
S0229,CS105,1,4
S0229,CS103,1,3
S0229,CS102,1,2
S0229,CS101,1,2
S0229,CS106,2,2
S0229,CS104,2,4
S0229,CS108,2,3
S0229,CS107,2,2
S0229,CS208,3,5
S0229,CS203,3,5
S0229,CS201,3,3
S0229,CS209,3,3
S0229,CS212,4,3
S0229,CS206,4,2
S0229,CS207,4,3
S0229,CS202,4,2
S0229,CS316,5,5
S0229,CS305,5,5
S0229,CS314,5,5
S0229,CS313,5,2
S0229,CS210,5,2
S0229,CS307,6,2
S0229,CS308,6,2
S0229,CS315,6,3
S0229,CS306,6,1
S0230,CS107,1,4
S0230,CS106,1,4
S0230,CS103,1,5
S0230,CS104,1,4
S0230,CS108,1,3
S0230,CS101,2,5
S0230,CS105,2,3
S0230,CS102,2,3
S0230,CS201,3,5
S0230,CS209,3,4
S0230,CS212,3,4
S0230,CS210,3,3
S0230,CS206,3,3
S0230,CS205,4,3
S0230,CS204,4,4
S0230,CS211,4,4
S0230,CS208,4,3
S0230,CS309,5,5
S0230,CS311,5,5
S0230,CS202,5,2
S0230,CS314,5,4
S0230,CS310,6,4
S0230,CS307,6,3
S0230,CS316,6,3
S0230,CS306,6,4
S0230,CS308,6,4
S0231,CS107,1,4
S0231,CS101,1,5
S0231,CS106,1,3
S0231,CS104,1,3
S0231,CS102,2,2
S0231,CS103,2,4
S0231,CS105,2,1
S0231,CS108,3,3
S0231,CS204,3,5
S0231,CS209,3,4
S0231,CS202,3,4
S0231,CS207,3,4
S0231,CS201,4,5
S0231,CS206,4,4
S0231,CS211,4,4
S0231,CS301,5,4
S0231,CS306,5,3
S0231,CS309,5,5
S0231,CS311,5,5
S0231,CS212,5,4
S0231,CS307,6,3
S0231,CS304,6,4
S0231,CS303,6,4
S0231,CS310,6,5
S0232,CS107,1,5
S0232,CS104,1,5
S0232,CS103,1,3
S0232,CS101,1,4
S0232,CS108,1,3
S0232,CS105,2,1
S0232,CS102,2,3
S0232,CS106,2,2
S0232,CS211,3,5
S0232,CS206,3,5
S0232,CS204,3,2
S0232,CS202,3,5
S0232,CS203,4,4
S0232,CS209,4,3
S0232,CS207,4,5
S0232,CS208,4,2
S0232,CS201,4,2
S0232,CS306,5,5
S0232,CS308,5,5
S0232,CS307,5,5
S0232,CS309,5,2
S0232,CS301,5,5
S0233,CS107,1,5
S0233,CS104,1,5
S0233,CS103,1,4
S0233,CS102,1,3
S0233,CS105,2,1
S0233,CS106,2,1
S0233,CS108,2,3
S0233,CS211,3,5
S0233,CS209,3,3
S0233,CS203,3,3
S0233,CS208,3,3
S0233,CS212,4,3
S0233,CS101,4,2
S0233,CS210,4,3
S0233,CS207,5,4
S0233,CS206,5,5
S0233,CS202,5,5
S0233,CS306,6,5
S0233,CS307,6,5
S0233,CS308,6,5
S0234,CS104,1,5
S0234,CS107,1,5
S0234,CS105,1,5
S0234,CS108,1,3
S0234,CS103,1,3
S0234,CS102,2,4
S0234,CS101,2,3
S0234,CS106,2,4
S0234,CS202,3,4
S0234,CS206,3,5
S0234,CS210,3,1
S0234,CS211,3,4
S0234,CS201,4,2
S0234,CS207,4,3
S0234,CS208,4,4
S0234,CS308,5,5
S0234,CS306,5,5
S0234,CS301,5,3
S0234,CS307,5,4
S0235,CS105,1,2
S0235,CS106,1,1
S0235,CS104,1,4
S0235,CS102,1,5
S0235,CS103,2,5
S0235,CS108,2,2
S0235,CS107,2,4
S0235,CS101,2,3
S0235,CS210,3,3
S0235,CS212,3,5
S0235,CS208,3,3
S0235,CS203,4,2
S0235,CS206,4,4
S0235,CS202,4,2
S0235,CS211,4,3
S0235,CS207,5,3
S0235,CS308,5,4
S0235,CS306,5,3
S0235,CS307,5,4
S0236,CS102,1,3
S0236,CS104,1,5
S0236,CS107,1,5
S0236,CS103,1,2
S0236,CS101,1,1
S0236,CS105,2,2
S0236,CS108,2,2
S0236,CS106,2,2
S0236,CS206,3,5
S0236,CS211,3,5
S0236,CS207,3,5
S0236,CS202,3,4
S0236,CS210,4,2
S0236,CS208,4,3
S0236,CS201,4,2
S0236,CS204,4,3
S0236,CS203,4,2
S0236,CS307,5,5
S0236,CS308,5,5
S0236,CS205,5,3
S0236,CS306,5,5
S0236,CS311,6,3
S0236,CS212,6,2
S0236,CS301,6,4
S0236,CS313,6,1
S0237,CS102,1,5
S0237,CS103,1,5
S0237,CS101,1,3
S0237,CS106,1,3
S0237,CS104,2,1
S0237,CS105,2,4
S0237,CS107,2,3
S0237,CS204,3,3
S0237,CS212,3,4
S0237,CS108,3,4
S0237,CS208,3,4
S0237,CS201,3,4
S0237,CS210,4,2
S0237,CS209,4,4
S0237,CS203,4,3
S0237,CS205,4,5
S0237,CS315,5,4
S0237,CS309,5,4
S0237,CS311,5,5
S0238,CS105,1,4
S0238,CS106,1,3
S0238,CS108,1,4
S0238,CS107,1,4
S0238,CS101,2,4
S0238,CS104,2,3
S0238,CS102,2,3
S0238,CS207,3,5
S0238,CS203,3,5
S0238,CS204,3,4
S0238,CS208,3,5
S0238,CS209,4,4
S0238,CS201,4,5
S0238,CS210,4,5
S0238,CS212,4,2
S0239,CS108,1,3
S0239,CS105,1,5
S0239,CS103,1,4
S0239,CS106,1,3
S0239,CS107,2,3
S0239,CS102,2,3
S0239,CS104,2,2
S0239,CS101,2,3
S0239,CS208,3,5
S0239,CS206,3,3
S0239,CS203,3,4
S0239,CS201,4,3
S0239,CS210,4,4
S0239,CS202,4,1
S0239,CS207,4,2
S0239,CS313,5,3
S0239,CS316,5,5
S0239,CS312,5,4
S0239,CS307,6,3
S0239,CS314,6,3
S0239,CS306,6,2
S0239,CS209,6,3
S0240,CS102,1,5
S0240,CS103,1,5
S0240,CS105,1,2
S0240,CS104,2,3
S0240,CS106,2,4
S0240,CS107,2,3
S0240,CS108,2,3
S0240,CS101,2,3
S0240,CS206,3,3
S0240,CS212,3,5
S0240,CS203,3,3
S0240,CS207,3,3
S0240,CS201,4,2
S0240,CS209,4,3
S0240,CS211,4,2
S0240,CS208,4,3
S0241,CS104,1,3
S0241,CS102,1,2
S0241,CS105,1,3
S0241,CS107,1,3
S0241,CS106,2,3
S0241,CS103,2,3
S0241,CS101,2,4
S0241,CS108,2,3
S0241,CS206,3,4
S0241,CS207,3,5
S0241,CS209,3,5
S0241,CS203,3,5
S0241,CS201,3,4
S0241,CS212,4,2
S0241,CS208,4,4
S0241,CS211,4,3
S0241,CS204,4,4
S0241,CS301,5,4
S0241,CS309,5,5
S0241,CS308,5,3
S0241,CS315,5,3
S0241,CS316,5,4
S0241,CS311,6,4
S0241,CS304,6,5
S0241,CS314,6,2
S0241,CS303,6,5
S0242,CS103,1,5
S0242,CS107,1,4
S0242,CS104,1,5
S0242,CS102,2,4
S0242,CS105,2,1
S0242,CS108,2,2
S0242,CS212,3,5
S0242,CS203,3,3
S0242,CS211,3,4
S0242,CS208,3,2
S0242,CS210,4,2
S0242,CS106,4,3
S0242,CS101,4,2
S0242,CS202,5,4
S0242,CS201,5,2
S0242,CS206,5,4
S0242,CS207,5,5
S0243,CS105,1,5
S0243,CS106,1,3
S0243,CS101,1,4
S0243,CS103,1,3
S0243,CS102,1,3
S0243,CS108,2,2
S0243,CS107,2,2
S0243,CS104,2,2
S0243,CS209,3,3
S0243,CS204,3,5
S0243,CS208,3,4
S0243,CS203,3,5
S0243,CS201,4,5
S0243,CS207,4,5
S0243,CS211,4,2
S0243,CS206,4,3
S0243,CS210,4,3
S0243,CS212,5,2
S0243,CS202,5,3
S0243,CS316,5,5
S0243,CS301,5,4
S0244,CS103,1,4
S0244,CS105,1,5
S0244,CS102,1,2
S0244,CS107,1,3
S0244,CS104,2,3
S0244,CS106,2,2
S0244,CS108,2,3
S0244,CS203,3,5
S0244,CS211,3,3
S0244,CS208,3,5
S0244,CS209,3,3
S0244,CS212,3,3
S0244,CS101,4,3
S0244,CS210,4,2
S0244,CS204,5,4
S0244,CS201,5,3
S0244,CS206,5,3
S0245,CS106,1,3
S0245,CS101,1,5
S0245,CS104,1,3
S0245,CS102,1,3
S0245,CS105,2,3
S0245,CS107,2,2
S0245,CS108,2,3
S0245,CS103,2,3
S0245,CS204,3,4
S0245,CS201,3,4
S0245,CS209,3,4
S0245,CS203,4,5
S0245,CS202,4,2
S0245,CS207,4,5
S0245,CS311,5,5
S0245,CS309,5,4
S0245,CS305,5,4
S0245,CS310,5,4
S0245,CS208,6,5
S0245,CS206,6,3
S0245,CS205,6,3
S0245,CS211,6,3
S0246,CS107,1,5
S0246,CS104,1,5
S0246,CS103,1,3
S0246,CS102,1,2
S0246,CS105,1,1
S0246,CS101,2,3
S0246,CS108,2,3
S0246,CS106,2,3
S0246,CS209,3,3
S0246,CS206,3,5
S0246,CS211,3,5
S0246,CS201,3,2
S0246,CS204,4,3
S0246,CS202,4,5
S0246,CS207,4,5
S0246,CS212,4,1
S0246,CS210,4,2
S0247,CS108,1,4
S0247,CS103,1,5
S0247,CS107,1,3
S0247,CS102,1,4
S0247,CS104,2,5
S0247,CS105,2,3
S0247,CS106,2,2
S0247,CS209,3,3
S0247,CS210,3,4
S0247,CS211,3,5
S0247,CS212,3,4
S0247,CS203,4,2
S0247,CS101,4,4
S0247,CS208,4,3
S0247,CS312,5,4
S0247,CS313,5,5
S0247,CS206,5,5
S0247,CS202,6,4
S0247,CS308,6,3
S0247,CS207,6,4
S0247,CS316,6,3
S0247,CS301,6,1
S0248,CS105,1,3
S0248,CS104,1,5
S0248,CS107,1,4
S0248,CS106,1,4
S0248,CS101,2,4
S0248,CS102,2,2
S0248,CS103,2,3
S0248,CS201,3,4
S0248,CS208,3,5
S0248,CS204,3,5
S0248,CS211,4,5
S0248,CS202,4,4
S0248,CS209,4,4
S0249,CS105,1,1
S0249,CS107,1,2
S0249,CS104,1,4
S0249,CS102,1,3
S0249,CS103,2,2
S0249,CS108,2,3
S0249,CS101,2,3
S0249,CS106,2,2
S0249,CS209,3,4
S0249,CS207,3,5
S0249,CS210,3,3
S0249,CS203,3,2
S0249,CS206,3,3
S0249,CS204,4,4
S0249,CS202,4,1
S0249,CS212,4,4
S0249,CS311,5,4
S0249,CS301,5,5
S0249,CS308,5,1
S0249,CS307,5,3
S0250,CS104,1,3
S0250,CS101,1,4
S0250,CS108,1,4
S0250,CS106,1,2
S0250,CS107,2,5
S0250,CS103,2,2
S0250,CS102,2,2
S0250,CS105,2,2
S0250,CS202,3,3
S0250,CS211,3,4
S0250,CS201,3,3
S0250,CS210,4,4
S0250,CS208,4,2
S0250,CS207,4,4
S0250,CS204,4,4
S0250,CS209,4,4
S0251,CS105,1,4
S0251,CS104,1,3
S0251,CS102,1,5
S0251,CS103,1,5
S0251,CS106,2,3
S0251,CS108,2,2
S0251,CS101,2,3
S0251,CS107,2,3
S0251,CS212,3,5
S0251,CS202,3,3
S0251,CS210,3,2
S0251,CS203,3,3
S0251,CS204,4,3
S0251,CS206,4,5
S0251,CS211,4,4
S0251,CS209,4,3
S0252,CS105,1,5
S0252,CS108,1,4
S0252,CS107,1,4
S0252,CS101,1,4
S0252,CS104,2,3
S0252,CS106,2,4
S0252,CS103,2,2
S0252,CS208,3,5
S0252,CS203,3,5
S0252,CS206,3,4
S0252,CS207,3,4
S0252,CS201,4,3
S0252,CS202,4,2
S0252,CS102,4,1
S0252,CS209,4,4
S0252,CS316,5,4
S0252,CS307,5,4
S0252,CS305,5,5
S0252,CS310,6,4
S0252,CS308,6,5
S0252,CS313,6,3
S0253,CS107,1,3
S0253,CS106,1,3
S0253,CS103,1,2
S0253,CS105,1,1
S0253,CS101,1,4
S0253,CS108,2,3
S0253,CS102,2,1
S0253,CS104,2,2
S0253,CS202,3,1
S0253,CS212,3,2
S0253,CS201,3,5
S0253,CS204,3,5
S0253,CS209,4,5
S0253,CS206,4,1
S0253,CS207,4,2
S0253,CS310,5,5
S0253,CS311,5,5
S0253,CS203,5,3
S0254,CS104,1,5
S0254,CS101,1,5
S0254,CS106,1,4
S0254,CS103,1,3
S0254,CS107,2,5
S0254,CS105,2,2
S0254,CS102,2,1
S0254,CS108,2,3
S0254,CS209,3,5
S0254,CS201,3,5
S0254,CS204,3,5
S0254,CS211,3,3
S0254,CS203,4,2
S0254,CS206,4,4
S0254,CS207,4,3
S0254,CS202,4,4
S0254,CS308,5,4
S0254,CS309,5,5
S0254,CS311,5,5
S0254,CS306,5,3
S0255,CS106,1,5
S0255,CS101,1,5
S0255,CS103,1,2
S0255,CS104,1,5
S0255,CS107,2,5
S0255,CS105,2,1
S0255,CS108,2,3
S0255,CS102,2,2
S0255,CS206,3,5
S0255,CS204,3,5
S0255,CS209,3,5
S0255,CS211,3,4
S0255,CS202,3,4
S0255,CS201,4,5
S0255,CS207,4,3
S0255,CS203,4,3
S0255,CS308,5,4
S0255,CS309,5,5
S0255,CS311,5,5
S0255,CS310,5,5
S0255,CS306,6,4
S0255,CS307,6,5
S0255,CS301,6,4
S0256,CS106,1,3
S0256,CS105,1,3
S0256,CS101,1,3
S0256,CS107,1,3
S0256,CS103,1,2
S0256,CS104,2,3
S0256,CS102,2,2
S0256,CS108,2,4
S0256,CS209,3,5
S0256,CS203,3,3
S0256,CS204,3,5
S0256,CS201,3,5
S0256,CS207,4,3
S0256,CS206,4,3
S0256,CS202,4,3
S0256,CS212,4,3
S0256,CS307,5,2
S0256,CS208,5,2
S0256,CS309,5,4
S0256,CS211,5,3
S0256,CS311,6,5
S0256,CS205,6,2
S0256,CS315,6,3
S0256,CS310,6,4
S0257,CS108,1,2
S0257,CS107,1,4
S0257,CS104,1,3
S0257,CS103,1,4
S0257,CS101,1,4
S0257,CS105,2,4
S0257,CS106,2,4
S0257,CS102,2,3
S0257,CS203,3,3
S0257,CS211,3,4
S0257,CS207,3,4
S0257,CS206,4,4
S0257,CS204,4,3
S0257,CS210,4,3
S0257,CS201,4,4
S0257,CS311,5,3
S0257,CS301,5,4
S0257,CS309,5,4
S0257,CS303,6,3
S0257,CS304,6,5
S0257,CS205,6,3
S0257,CS209,6,3
S0257,CS208,6,1
S0258,CS108,1,3
S0258,CS105,1,4
S0258,CS107,1,4
S0258,CS104,1,5
S0258,CS103,1,3
S0258,CS102,2,3
S0258,CS101,2,4
S0258,CS106,2,2
S0258,CS203,3,3
S0258,CS210,3,3
S0258,CS211,3,5
S0258,CS206,4,5
S0258,CS208,4,3
S0258,CS202,4,5
S0258,CS207,4,3
S0258,CS212,5,3
S0258,CS204,5,2
S0258,CS308,5,5
S0258,CS307,5,4
S0258,CS306,5,5
S0259,CS108,1,4
S0259,CS101,1,2
S0259,CS104,1,4
S0259,CS106,2,3
S0259,CS107,2,3
S0259,CS102,2,1
S0259,CS202,3,4
S0259,CS103,3,2
S0259,CS210,3,5
S0259,CS207,3,4
S0259,CS211,4,4
S0259,CS209,4,3
S0259,CS204,4,4
S0260,CS105,1,5
S0260,CS101,1,2
S0260,CS108,1,3
S0260,CS103,2,4
S0260,CS102,2,1
S0260,CS104,2,2
S0260,CS107,2,3
S0260,CS208,3,4
S0260,CS203,3,5
S0260,CS204,3,3
S0260,CS207,3,4
S0260,CS206,3,4
S0260,CS201,4,2
S0260,CS202,4,4
S0260,CS211,4,2
S0260,CS106,4,3
S0260,CS210,4,1
S0260,CS316,5,5
S0260,CS305,5,4
S0260,CS209,5,4
S0260,CS212,5,2
S0260,CS314,5,4
S0260,CS310,6,2
S0260,CS301,6,3
S0260,CS311,6,4
S0260,CS313,6,2
S0260,CS315,6,4
S0261,CS108,1,3
S0261,CS106,1,5
S0261,CS101,1,5
S0261,CS104,1,2
S0261,CS107,2,4
S0261,CS103,2,4
S0261,CS105,2,2
S0261,CS201,3,5
S0261,CS204,3,4
S0261,CS209,3,4
S0261,CS203,3,2
S0261,CS202,4,2
S0261,CS206,4,3
S0261,CS207,4,4
S0261,CS211,4,3
S0261,CS309,5,4
S0261,CS307,5,3
S0261,CS308,5,2
S0261,CS310,6,5
S0261,CS311,6,5
S0261,CS305,6,1
S0262,CS107,1,4
S0262,CS105,1,4
S0262,CS104,1,4
S0262,CS106,2,3
S0262,CS108,2,4
S0262,CS101,2,4
S0262,CS103,2,3
S0262,CS102,2,1
S0262,CS206,3,3
S0262,CS207,3,5
S0262,CS204,3,3
S0262,CS208,3,4
S0262,CS203,3,3
S0262,CS212,4,2
S0262,CS202,4,3
S0262,CS201,4,2
S0262,CS210,4,3
S0262,CS211,4,4
S0262,CS301,5,4
S0262,CS305,5,2
S0262,CS307,5,3
S0262,CS316,5,3
S0262,CS302,6,3
S0262,CS314,6,1
S0262,CS308,6,3
S0262,CS313,6,3
S0263,CS101,1,3
S0263,CS107,1,5
S0263,CS104,1,5
S0263,CS103,2,3
S0263,CS106,2,2
S0263,CS108,2,1
S0263,CS105,2,1
S0263,CS211,3,5
S0263,CS202,3,5
S0263,CS206,3,5
S0263,CS204,4,2
S0263,CS207,4,2
S0263,CS203,4,2
S0263,CS307,5,5
S0263,CS308,5,5
S0263,CS306,5,4
S0264,CS103,1,2
S0264,CS108,1,4
S0264,CS104,1,5
S0264,CS105,1,3
S0264,CS107,2,3
S0264,CS106,2,3
S0264,CS102,2,2
S0264,CS210,3,4
S0264,CS211,3,5
S0264,CS203,3,3
S0264,CS101,4,3
S0264,CS209,4,3
S0264,CS208,4,2
S0265,CS105,1,5
S0265,CS107,1,4
S0265,CS104,1,4
S0265,CS103,2,3
S0265,CS108,2,3
S0265,CS101,2,3
S0265,CS102,2,1
S0265,CS106,2,1
S0265,CS203,3,5
S0265,CS202,3,4
S0265,CS208,3,5
S0265,CS206,3,5
S0265,CS211,3,4
S0265,CS207,4,4
S0265,CS209,4,2
S0265,CS204,4,4
S0265,CS308,5,4
S0265,CS210,5,2
S0265,CS316,5,4
S0265,CS313,5,2
S0265,CS306,5,3
S0266,CS104,1,4
S0266,CS105,1,4
S0266,CS106,1,2
S0266,CS101,1,4
S0266,CS108,2,2
S0266,CS107,2,3
S0266,CS103,2,3
S0266,CS102,2,3
S0266,CS201,3,3
S0266,CS208,3,3
S0266,CS210,3,1
S0266,CS211,4,2
S0266,CS206,4,4
S0266,CS203,4,4
S0266,CS209,4,3
S0266,CS314,5,3
S0266,CS312,5,3
S0266,CS301,5,1
S0266,CS308,6,4
S0266,CS202,6,2
S0266,CS305,6,4
S0266,CS316,6,4
S0267,CS103,1,4
S0267,CS107,1,3
S0267,CS102,1,3
S0267,CS108,2,3
S0267,CS106,2,3
S0267,CS101,2,2
S0267,CS207,3,3
S0267,CS212,3,4
S0267,CS105,3,2
S0267,CS209,4,3
S0267,CS201,4,4
S0267,CS210,4,3
S0267,CS208,4,3
S0267,CS313,5,1
S0267,CS205,5,5
S0267,CS204,5,3
S0268,CS103,1,3
S0268,CS108,1,2
S0268,CS105,1,3
S0268,CS102,1,2
S0268,CS107,2,3
S0268,CS101,2,3
S0268,CS104,2,3
S0268,CS106,2,3
S0268,CS206,3,3
S0268,CS203,3,3
S0268,CS207,3,4
S0268,CS208,4,4
S0268,CS204,4,3
S0268,CS201,4,2
S0268,CS301,5,4
S0268,CS316,5,4
S0268,CS314,5,3
S0268,CS308,5,2
S0268,CS211,5,3
S0269,CS102,1,5
S0269,CS104,1,4
S0269,CS103,1,4
S0269,CS101,1,2
S0269,CS105,2,4
S0269,CS107,2,4
S0269,CS108,2,4
S0269,CS106,2,2
S0269,CS206,3,4
S0269,CS208,3,4
S0269,CS211,3,4
S0269,CS207,3,2
S0269,CS212,3,5
S0269,CS202,4,2
S0269,CS201,4,2
S0269,CS203,4,5
S0269,CS204,4,3
S0270,CS107,1,4
S0270,CS104,1,4
S0270,CS103,1,3
S0270,CS102,1,3
S0270,CS101,2,3
S0270,CS106,2,4
S0270,CS108,2,2
S0270,CS105,2,3
S0270,CS211,3,4
S0270,CS203,3,3
S0270,CS207,3,5
S0270,CS206,4,5
S0270,CS202,4,3
S0270,CS204,4,2
S0270,CS201,4,2
S0270,CS208,4,1
S0270,CS301,5,5
S0270,CS316,5,3
S0270,CS313,5,2
S0270,CS306,5,3
S0271,CS102,1,1
S0271,CS107,1,3
S0271,CS101,1,5
S0271,CS106,2,4
S0271,CS108,2,3
S0271,CS103,2,3
S0271,CS104,2,3
S0271,CS105,2,1
S0271,CS209,3,4
S0271,CS204,3,5
S0271,CS201,3,5
S0271,CS208,4,2
S0271,CS202,4,3
S0271,CS211,4,3
S0272,CS104,1,3
S0272,CS105,1,5
S0272,CS103,1,2
S0272,CS108,1,3
S0272,CS102,2,3
S0272,CS101,2,3
S0272,CS107,2,2
S0272,CS106,2,2
S0272,CS203,3,5
S0272,CS208,3,5
S0272,CS207,3,2
S0272,CS209,3,3
S0272,CS206,4,2
S0272,CS212,4,4
S0272,CS211,4,2
S0272,CS210,4,2
S0272,CS316,5,5
S0272,CS204,5,2
S0272,CS308,5,3
S0272,CS313,5,3
S0272,CS201,6,4
S0272,CS311,6,4
S0272,CS202,6,4
S0272,CS309,6,3
S0273,CS101,1,3
S0273,CS105,1,3
S0273,CS108,1,4
S0273,CS104,1,3
S0273,CS103,2,3
S0273,CS106,2,2
S0273,CS107,2,2
S0273,CS102,2,3
S0273,CS210,3,4
S0273,CS203,3,5
S0273,CS208,3,4
S0273,CS204,3,5
S0273,CS209,3,4
S0273,CS201,4,3
S0273,CS206,4,3
S0273,CS211,4,4
S0273,CS202,4,2
S0273,CS316,5,5
S0273,CS305,5,4
S0273,CS314,5,4
S0273,CS311,5,2
S0273,CS308,5,3
S0273,CS312,6,4
S0273,CS301,6,3
S0273,CS309,6,3
S0273,CS313,6,4
S0274,CS108,1,4
S0274,CS103,1,4
S0274,CS101,1,4
S0274,CS102,1,2
S0274,CS106,1,4
S0274,CS107,2,4
S0274,CS105,2,4
S0274,CS104,2,4
S0274,CS203,3,5
S0274,CS204,3,4
S0274,CS201,3,5
S0274,CS212,3,2
S0274,CS208,4,4
S0274,CS206,4,5
S0274,CS207,4,4
S0274,CS202,4,3
S0274,CS211,4,5
S0274,CS309,5,4
S0274,CS316,5,5
S0274,CS305,5,4
S0275,CS103,1,5
S0275,CS102,1,4
S0275,CS101,1,3
S0275,CS105,1,2
S0275,CS106,2,4
S0275,CS108,2,3
S0275,CS104,2,4
S0275,CS107,2,2
S0275,CS212,3,5
S0275,CS201,3,4
S0275,CS207,3,2
S0275,CS209,3,3
S0275,CS211,3,2
S0275,CS205,4,5
S0275,CS203,4,3
S0275,CS206,4,4
S0275,CS204,4,4
S0276,CS105,1,4
S0276,CS106,1,3
S0276,CS108,1,2
S0276,CS104,1,2
S0276,CS101,2,3
S0276,CS102,2,2
S0276,CS103,2,1
S0276,CS107,2,2
S0276,CS203,3,4
S0276,CS210,3,2
S0276,CS208,3,4
S0276,CS209,3,3
S0276,CS204,4,3
S0276,CS201,4,2
S0276,CS207,4,2
S0276,CS206,4,3
S0276,CS212,4,2
S0276,CS316,5,4
S0276,CS308,5,3
S0276,CS314,5,4
S0276,CS305,5,5
S0276,CS211,6,2
S0276,CS309,6,4
S0276,CS205,6,2
S0277,CS105,1,5
S0277,CS107,1,4
S0277,CS104,1,4
S0277,CS103,1,3
S0277,CS101,1,3
S0277,CS102,2,2
S0277,CS108,2,2
S0277,CS106,2,2
S0277,CS203,3,5
S0277,CS208,3,5
S0277,CS211,3,3
S0277,CS210,3,3
S0277,CS206,3,4
S0277,CS212,4,3
S0277,CS209,4,3
S0277,CS204,4,5
S0277,CS202,4,4
S0277,CS311,5,3
S0277,CS316,5,5
S0277,CS308,5,3
S0278,CS104,1,4
S0278,CS102,1,5
S0278,CS103,1,5
S0278,CS101,2,4
S0278,CS107,2,5
S0278,CS106,2,4
S0278,CS105,2,2
S0278,CS108,2,3
S0278,CS211,3,4
S0278,CS207,3,3
S0278,CS204,3,4
S0278,CS203,3,4
S0278,CS206,3,4
S0278,CS202,4,4
S0278,CS201,4,3
S0278,CS212,4,3
S0278,CS305,5,1
S0278,CS315,5,4
S0278,CS311,5,4
S0279,CS108,1,5
S0279,CS105,1,2
S0279,CS106,1,2
S0279,CS104,2,3
S0279,CS107,2,3
S0279,CS101,2,3
S0279,CS103,2,3
S0279,CS102,2,2
S0279,CS210,3,5
S0279,CS208,3,3
S0279,CS212,3,3
S0279,CS204,3,3
S0279,CS206,4,3
S0279,CS207,4,3
S0279,CS203,4,4
S0279,CS201,4,2
S0279,CS313,5,5
S0279,CS312,5,5
S0279,CS202,5,3
S0279,CS316,5,5
S0279,CS311,6,4
S0279,CS309,6,4
S0279,CS308,6,3
S0280,CS108,1,4
S0280,CS104,1,3
S0280,CS106,1,1
S0280,CS103,1,3
S0280,CS107,2,3
S0280,CS101,2,2
S0280,CS102,2,3
S0280,CS105,2,2
S0280,CS207,3,5
S0280,CS203,3,3
S0280,CS208,3,2
S0280,CS210,3,4
S0280,CS209,4,1
S0280,CS202,4,3
S0280,CS206,4,3
S0280,CS307,5,3
S0280,CS201,5,2
S0280,CS301,5,5
S0280,CS312,5,4
S0281,CS107,1,4
S0281,CS108,1,2
S0281,CS104,1,5
S0281,CS101,2,3
S0281,CS105,2,3
S0281,CS103,2,4
S0281,CS102,2,2
S0281,CS106,2,3
S0281,CS206,3,4
S0281,CS202,3,5
S0281,CS211,3,5
S0281,CS201,3,2
S0281,CS203,3,3
S0281,CS207,4,3
S0281,CS209,4,3
S0281,CS212,4,3
S0281,CS205,4,2
S0282,CS108,1,4
S0282,CS103,1,3
S0282,CS101,1,4
S0282,CS106,1,2
S0282,CS105,1,3
S0282,CS104,2,3
S0282,CS107,2,2
S0282,CS102,2,4
S0282,CS210,3,5
S0282,CS206,3,4
S0282,CS203,3,3
S0282,CS209,3,4
S0282,CS212,3,2
S0282,CS204,4,5
S0282,CS207,4,2
S0282,CS208,4,2
S0283,CS108,1,3
S0283,CS107,1,4
S0283,CS103,1,4
S0283,CS104,1,4
S0283,CS101,1,3
S0283,CS106,2,2
S0283,CS102,2,3
S0283,CS105,2,2
S0283,CS207,3,5
S0283,CS212,3,3
S0283,CS209,3,2
S0283,CS208,3,1
S0283,CS203,4,2
S0283,CS211,4,4
S0283,CS202,4,2
S0283,CS206,4,3
S0283,CS307,5,3
S0283,CS301,5,5
S0283,CS308,5,4
S0284,CS101,1,5
S0284,CS106,1,4
S0284,CS103,1,2
S0284,CS108,1,3
S0284,CS107,2,4
S0284,CS102,2,3
S0284,CS104,2,5
S0284,CS201,3,5
S0284,CS204,3,5
S0284,CS209,3,5
S0284,CS211,3,4
S0284,CS206,4,4
S0284,CS212,4,2
S0284,CS202,4,4
S0284,CS210,4,1
S0284,CS205,4,3
S0284,CS310,5,5
S0284,CS307,5,5
S0284,CS309,5,5
S0285,CS106,1,4
S0285,CS107,1,3
S0285,CS101,1,5
S0285,CS102,1,3
S0285,CS104,2,3
S0285,CS105,2,1
S0285,CS108,2,2
S0285,CS103,2,3
S0285,CS203,3,2
S0285,CS206,3,2
S0285,CS201,3,5
S0285,CS204,3,5
S0285,CS209,4,5
S0285,CS207,4,3
S0285,CS212,4,3
S0285,CS208,4,2
S0285,CS202,4,2
S0286,CS103,1,5
S0286,CS104,1,4
S0286,CS101,1,4
S0286,CS102,2,5
S0286,CS108,2,3
S0286,CS106,2,4
S0286,CS207,3,5
S0286,CS212,3,5
S0286,CS210,3,3
S0286,CS211,3,4
S0286,CS204,4,3
S0286,CS201,4,4
S0286,CS209,4,3
S0286,CS205,5,4
S0286,CS315,5,4
S0286,CS309,5,4
S0286,CS311,5,4
S0286,CS202,6,3
S0286,CS105,6,3
S0286,CS107,6,5
S0287,CS104,1,5
S0287,CS107,1,5
S0287,CS103,1,2
S0287,CS106,1,3
S0287,CS101,1,2
S0287,CS102,2,1
S0287,CS108,2,3
S0287,CS105,2,1
S0287,CS211,3,5
S0287,CS206,3,5
S0287,CS204,3,4
S0287,CS202,4,5
S0287,CS210,4,2
S0287,CS212,4,4
S0287,CS307,5,5
S0287,CS308,5,5
S0287,CS208,5,1
S0287,CS306,6,5
S0287,CS309,6,3
S0287,CS207,6,4
S0287,CS312,6,3
S0287,CS301,6,3
S0288,CS104,1,4
S0288,CS108,1,5
S0288,CS107,1,5
S0288,CS103,1,3
S0288,CS101,1,2
S0288,CS102,2,2
S0288,CS106,2,1
S0288,CS105,2,1
S0288,CS203,3,2
S0288,CS206,3,5
S0288,CS211,3,5
S0288,CS210,3,5
S0288,CS202,4,5
S0288,CS207,4,4
S0288,CS204,4,2
S0288,CS209,4,2
S0289,CS103,1,4
S0289,CS107,1,5
S0289,CS104,1,5
S0289,CS102,1,4
S0289,CS105,1,2
S0289,CS106,2,2
S0289,CS101,2,3
S0289,CS108,2,2
S0289,CS206,3,5
S0289,CS212,3,4
S0289,CS211,3,4
S0289,CS204,3,3
S0289,CS207,4,3
S0289,CS203,4,2
S0289,CS209,4,2
S0289,CS202,4,4
S0289,CS201,4,2
S0289,CS311,5,4
S0289,CS308,5,5
S0289,CS205,5,5
S0289,CS305,5,1
S0290,CS105,1,4
S0290,CS108,1,3
S0290,CS103,1,3
S0290,CS106,2,3
S0290,CS102,2,1
S0290,CS101,2,2
S0290,CS107,2,2
S0290,CS104,2,3
S0290,CS207,3,4
S0290,CS211,3,3
S0290,CS203,3,4
S0290,CS206,3,3
S0290,CS208,3,3
S0290,CS212,4,3
S0290,CS209,4,3
S0290,CS204,4,2
S0290,CS201,4,1
S0290,CS305,5,3
S0290,CS316,5,5
S0290,CS301,5,4
S0290,CS315,5,1
S0291,CS103,1,5
S0291,CS108,1,3
S0291,CS102,1,4
S0291,CS104,2,4
S0291,CS106,2,2
S0291,CS107,2,3
S0291,CS210,3,2
S0291,CS212,3,5
S0291,CS101,3,2
S0291,CS209,3,3
S0291,CS206,4,4
S0291,CS207,4,3
S0291,CS202,4,3
S0291,CS211,4,2
S0291,CS301,5,3
S0291,CS307,5,3
S0291,CS105,5,3
S0291,CS303,6,3
S0291,CS308,6,2
S0291,CS201,6,3
S0292,CS101,1,4
S0292,CS104,1,3
S0292,CS103,1,1
S0292,CS106,2,3
S0292,CS107,2,2
S0292,CS105,2,1
S0292,CS108,2,4
S0292,CS211,3,2
S0292,CS207,3,3
S0292,CS204,3,3
S0292,CS206,3,2
S0292,CS203,3,3
S0292,CS209,4,4
S0292,CS202,4,2
S0292,CS102,4,3
S0292,CS208,4,3
S0292,CS309,5,3
S0292,CS301,5,5
S0292,CS308,5,3
S0292,CS303,6,5
S0292,CS304,6,3
S0292,CS302,6,4
S0293,CS107,1,4
S0293,CS101,1,3
S0293,CS104,1,3
S0293,CS108,1,3
S0293,CS103,1,2
S0293,CS105,2,3
S0293,CS106,2,3
S0293,CS102,2,3
S0293,CS207,3,5
S0293,CS211,3,3
S0293,CS212,3,3
S0293,CS204,4,3
S0293,CS203,4,3
S0293,CS201,4,4
S0293,CS206,4,3
S0294,CS104,1,4
S0294,CS103,1,5
S0294,CS107,1,3
S0294,CS102,1,5
S0294,CS106,1,2
S0294,CS108,2,1
S0294,CS101,2,3
S0294,CS105,2,1
S0294,CS212,3,5
S0294,CS207,3,3
S0294,CS211,3,4
S0294,CS206,3,5
S0294,CS202,3,4
S0294,CS204,4,2
S0294,CS208,4,2
S0294,CS210,4,3
S0294,CS209,4,2
S0294,CS201,4,3
S0294,CS308,5,4
S0294,CS306,5,3
S0294,CS307,5,3
S0294,CS205,5,4
S0294,CS315,6,4
S0294,CS312,6,3
S0294,CS311,6,3
S0294,CS301,6,3
S0295,CS102,1,4
S0295,CS104,1,4
S0295,CS107,1,4
S0295,CS108,1,2
S0295,CS103,1,5
S0295,CS105,2,1
S0295,CS106,2,2
S0295,CS101,2,3
S0295,CS212,3,4
S0295,CS210,3,1
S0295,CS207,3,4
S0295,CS211,3,4
S0295,CS202,4,3
S0295,CS206,4,4
S0295,CS209,4,3
S0295,CS201,4,2
S0295,CS203,4,3
S0296,CS102,1,2
S0296,CS107,1,4
S0296,CS103,1,4
S0296,CS106,2,3
S0296,CS108,2,3
S0296,CS104,2,4
S0296,CS101,2,4
S0296,CS207,3,5
S0296,CS211,3,3
S0296,CS212,3,3
S0296,CS204,3,3
S0296,CS206,3,4
S0296,CS209,4,3
S0296,CS202,4,3
S0296,CS201,4,2
S0296,CS205,5,3
S0296,CS308,5,3
S0296,CS105,5,2
S0296,CS301,5,5
S0297,CS104,1,4
S0297,CS105,1,4
S0297,CS103,1,3
S0297,CS101,2,4
S0297,CS102,2,2
S0297,CS107,2,2
S0297,CS203,3,5
S0297,CS208,3,4
S0297,CS212,3,1
S0297,CS204,3,3
S0297,CS106,3,3
S0297,CS201,4,5
S0297,CS211,4,4
S0297,CS209,4,4
S0297,CS316,5,5
S0297,CS311,5,5
S0297,CS305,5,5
S0298,CS105,1,1
S0298,CS107,1,3
S0298,CS102,1,3
S0298,CS103,1,4
S0298,CS104,2,3
S0298,CS101,2,3
S0298,CS106,2,2
S0298,CS108,2,3
S0298,CS209,3,3
S0298,CS207,3,5
S0298,CS212,3,3
S0298,CS203,4,3
S0298,CS211,4,4
S0298,CS208,4,2
S0298,CS206,4,4
S0299,CS108,1,3
S0299,CS107,1,5
S0299,CS102,1,2
S0299,CS103,1,4
S0299,CS104,2,4
S0299,CS106,2,1
S0299,CS101,2,2
S0299,CS105,2,3
S0299,CS211,3,3
S0299,CS207,3,3
S0299,CS206,3,5
S0299,CS202,3,5
S0299,CS204,4,3
S0299,CS212,4,3
S0299,CS209,4,3
S0299,CS208,4,2
S0299,CS308,5,4
S0299,CS301,5,3
S0299,CS306,5,4
S0299,CS307,5,4
S0299,CS310,5,2
S0299,CS303,6,3
S0299,CS313,6,2
S0299,CS304,6,4
S0299,CS302,6,4
S0300,CS101,1,4
S0300,CS104,1,3
S0300,CS108,1,5
S0300,CS105,2,3
S0300,CS106,2,3
S0300,CS103,2,3
S0300,CS107,2,3
S0300,CS209,3,3
S0300,CS208,3,2
S0300,CS206,3,4
S0300,CS207,3,2
S0300,CS203,4,2
S0300,CS204,4,4
S0300,CS211,4,1
S0300,CS202,4,3
S0300,CS102,4,2
S0300,CS313,5,4
S0300,CS316,5,4
S0300,CS210,5,4
S0300,CS310,5,4
S0301,CS103,1,4
S0301,CS107,1,4
S0301,CS108,1,3
S0301,CS106,2,2
S0301,CS101,2,2
S0301,CS102,2,3
S0301,CS202,3,2
S0301,CS207,3,5
S0301,CS210,3,4
S0301,CS212,3,2
S0301,CS206,3,4
S0301,CS209,4,2
S0301,CS201,4,2
S0301,CS204,4,3
S0301,CS105,4,2
S0301,CS308,5,2
S0301,CS307,5,3
S0301,CS104,5,3
S0301,CS306,5,1
S0301,CS208,5,3
S0301,CS301,6,4
S0301,CS312,6,4
S0301,CS315,6,3
S0301,CS313,6,3
S0302,CS108,1,5
S0302,CS101,1,3
S0302,CS103,1,4
S0302,CS107,1,2
S0302,CS104,2,4
S0302,CS106,2,3
S0302,CS102,2,3
S0302,CS105,2,2
S0302,CS210,3,4
S0302,CS212,3,3
S0302,CS208,3,3
S0302,CS207,3,3
S0302,CS202,4,2
S0302,CS206,4,3
S0302,CS201,4,2
S0302,CS209,4,4
S0302,CS204,4,3
S0302,CS315,5,3
S0302,CS313,5,4
S0302,CS316,5,1
S0302,CS312,5,4
S0303,CS103,1,5
S0303,CS104,1,2
S0303,CS108,1,5
S0303,CS102,1,4
S0303,CS107,2,2
S0303,CS101,2,5
S0303,CS105,2,1
S0303,CS106,2,2
S0303,CS206,3,2
S0303,CS209,3,3
S0303,CS203,3,2
S0303,CS207,4,5
S0303,CS208,4,3
S0303,CS210,4,3
S0303,CS201,5,1
S0303,CS308,5,2
S0303,CS202,5,2
S0303,CS212,5,4
S0303,CS313,6,4
S0303,CS301,6,3
S0303,CS315,6,5
S0303,CS312,6,4
S0304,CS108,1,5
S0304,CS107,1,4
S0304,CS103,1,3
S0304,CS104,1,5
S0304,CS105,2,3
S0304,CS102,2,3
S0304,CS101,2,3
S0304,CS106,2,2
S0304,CS203,3,3
S0304,CS206,3,4
S0304,CS210,3,5
S0304,CS209,3,3
S0304,CS204,4,4
S0304,CS211,4,2
S0304,CS207,4,2
S0304,CS212,4,2
S0304,CS201,4,4
S0304,CS202,5,2
S0304,CS309,5,4
S0304,CS308,5,2
S0304,CS305,5,3
S0305,CS103,1,5
S0305,CS102,1,2
S0305,CS107,1,2
S0305,CS105,1,2
S0305,CS104,2,3
S0305,CS106,2,1
S0305,CS108,2,2
S0305,CS203,3,3
S0305,CS211,3,4
S0305,CS212,3,3
S0305,CS208,3,2
S0305,CS210,4,3
S0305,CS101,4,3
S0305,CS209,4,3
S0305,CS312,5,2
S0305,CS207,5,5
S0305,CS313,5,1
S0305,CS316,5,2
S0305,CS202,5,2
S0306,CS103,1,3
S0306,CS108,1,4
S0306,CS104,1,3
S0306,CS107,1,1
S0306,CS102,2,3
S0306,CS106,2,2
S0306,CS101,2,3
S0306,CS105,2,1
S0306,CS210,3,5
S0306,CS212,3,3
S0306,CS211,3,3
S0306,CS208,4,3
S0306,CS202,4,2
S0306,CS206,4,4
S0307,CS101,1,5
S0307,CS106,1,3
S0307,CS108,1,4
S0307,CS103,1,2
S0307,CS102,2,1
S0307,CS107,2,2
S0307,CS104,2,2
S0307,CS204,3,5
S0307,CS201,3,4
S0307,CS209,3,5
S0307,CS105,4,1
S0307,CS206,4,3
S0307,CS210,4,4
S0307,CS212,4,3
S0308,CS106,1,3
S0308,CS103,1,2
S0308,CS108,1,1
S0308,CS101,1,3
S0308,CS107,1,3
S0308,CS102,2,2
S0308,CS104,2,3
S0308,CS105,2,3
S0308,CS201,3,3
S0308,CS204,3,4
S0308,CS203,3,3
S0308,CS209,3,4
S0308,CS206,4,4
S0308,CS207,4,4
S0308,CS202,4,3
S0308,CS205,4,3
S0308,CS212,4,2
S0308,CS301,5,5
S0308,CS311,5,4
S0308,CS310,5,3
S0308,CS308,5,3
S0309,CS106,1,4
S0309,CS102,1,3
S0309,CS104,1,4
S0309,CS107,1,5
S0309,CS101,1,4
S0309,CS105,2,3
S0309,CS103,2,3
S0309,CS108,2,3
S0309,CS201,3,4
S0309,CS204,3,4
S0309,CS209,3,5
S0309,CS206,3,5
S0309,CS208,4,2
S0309,CS205,4,3
S0309,CS203,4,3
S0309,CS309,5,5
S0309,CS211,5,4
S0309,CS311,5,5
S0309,CS202,5,4
S0310,CS106,1,4
S0310,CS108,1,2
S0310,CS104,1,5
S0310,CS103,2,4
S0310,CS107,2,4
S0310,CS102,2,5
S0310,CS211,3,5
S0310,CS209,3,3
S0310,CS210,3,2
S0310,CS105,3,4
S0310,CS101,4,4
S0310,CS212,4,4
S0310,CS203,4,4
S0310,CS208,4,3
S0311,CS101,1,2
S0311,CS104,1,3
S0311,CS105,1,5
S0311,CS103,1,4
S0311,CS108,2,3
S0311,CS107,2,3
S0311,CS102,2,2
S0311,CS203,3,5
S0311,CS208,3,5
S0311,CS210,3,2
S0311,CS211,3,3
S0311,CS207,4,5
S0311,CS206,4,4
S0311,CS202,4,3
S0311,CS212,4,2
S0312,CS102,1,4
S0312,CS103,1,4
S0312,CS107,1,4
S0312,CS106,1,2
S0312,CS104,2,5
S0312,CS101,2,3
S0312,CS105,2,2
S0312,CS108,2,3
S0312,CS206,3,5
S0312,CS207,3,4
S0312,CS204,3,3
S0312,CS202,3,5
S0312,CS201,3,3
S0312,CS211,4,5
S0312,CS205,4,3
S0312,CS209,4,3
S0312,CS203,4,3
S0312,CS301,5,3
S0312,CS306,5,5
S0312,CS308,5,5
S0312,CS307,5,2
S0313,CS108,1,4
S0313,CS103,1,4
S0313,CS102,1,2
S0313,CS107,1,4
S0313,CS104,2,2
S0313,CS105,2,1
S0313,CS106,2,2
S0313,CS101,2,2
S0313,CS210,3,5
S0313,CS207,3,3
S0313,CS212,3,5
S0313,CS203,3,3
S0313,CS206,4,3
S0313,CS201,4,4
S0313,CS209,4,4
S0313,CS202,4,3
S0313,CS315,5,5
S0313,CS205,5,3
S0313,CS307,5,3
S0314,CS105,1,5
S0314,CS106,1,3
S0314,CS108,1,4
S0314,CS103,1,3
S0314,CS101,2,5
S0314,CS104,2,2
S0314,CS107,2,3
S0314,CS102,2,2
S0314,CS203,3,4
S0314,CS201,3,3
S0314,CS208,3,5
S0314,CS210,4,4
S0314,CS202,4,3
S0314,CS206,4,2
S0314,CS205,4,2
S0314,CS211,4,2
S0315,CS103,1,5
S0315,CS108,1,5
S0315,CS105,1,3
S0315,CS102,1,4
S0315,CS104,2,4
S0315,CS107,2,2
S0315,CS101,2,3
S0315,CS106,2,2
S0315,CS212,3,4
S0315,CS207,3,5
S0315,CS210,3,4
S0315,CS209,3,4
S0315,CS208,3,2
S0315,CS201,4,3
S0315,CS203,4,3
S0315,CS211,4,2
S0315,CS204,4,4
S0315,CS311,5,3
S0315,CS315,5,5
S0315,CS205,5,5
S0316,CS107,1,5
S0316,CS102,1,3
S0316,CS108,1,3
S0316,CS104,1,4
S0316,CS103,1,3
S0316,CS106,2,2
S0316,CS101,2,4
S0316,CS105,2,4
S0316,CS211,3,5
S0316,CS206,3,5
S0316,CS209,3,4
S0316,CS204,4,4
S0316,CS202,4,5
S0316,CS208,4,3
S0316,CS207,4,2
S0316,CS307,5,5
S0316,CS310,5,4
S0316,CS306,5,5
S0316,CS203,5,3
S0317,CS103,1,3
S0317,CS102,1,2
S0317,CS108,1,4
S0317,CS105,1,3
S0317,CS106,2,4
S0317,CS101,2,4
S0317,CS104,2,2
S0317,CS107,2,3
S0317,CS204,3,5
S0317,CS202,3,2
S0317,CS206,3,4
S0317,CS203,3,2
S0317,CS207,4,4
S0317,CS209,4,3
S0317,CS210,4,3
S0317,CS201,4,3
S0317,CS310,5,4
S0317,CS311,5,4
S0317,CS309,5,4
S0317,CS212,5,2
S0318,CS102,1,4
S0318,CS103,1,5
S0318,CS101,1,4
S0318,CS108,1,2
S0318,CS106,1,3
S0318,CS107,2,2
S0318,CS105,2,2
S0318,CS104,2,4
S0318,CS207,3,5
S0318,CS206,3,4
S0318,CS212,3,3
S0318,CS208,3,2
S0318,CS202,4,4
S0318,CS203,4,3
S0318,CS204,4,5
S0318,CS209,4,4
S0318,CS201,4,3
S0319,CS101,1,5
S0319,CS104,1,5
S0319,CS107,1,4
S0319,CS106,2,3
S0319,CS102,2,3
S0319,CS108,2,3
S0319,CS204,3,4
S0319,CS206,3,5
S0319,CS202,3,5
S0319,CS211,3,5
S0319,CS209,3,4
S0319,CS207,4,2
S0319,CS201,4,4
S0319,CS210,4,4
S0319,CS212,4,2
S0319,CS306,5,5
S0319,CS309,5,5
S0319,CS307,5,5
S0319,CS310,5,4
S0319,CS311,6,5
S0319,CS308,6,5
S0319,CS315,6,2
S0320,CS104,1,5
S0320,CS107,1,4
S0320,CS105,1,2
S0320,CS103,2,2
S0320,CS106,2,2
S0320,CS101,2,2
S0320,CS102,2,2
S0320,CS206,3,5
S0320,CS207,3,4
S0320,CS211,3,5
S0320,CS202,3,5
S0320,CS209,4,4
S0320,CS212,4,3
S0320,CS203,4,2
S0320,CS210,4,2
S0320,CS306,5,5
S0320,CS308,5,5
S0320,CS307,5,5
S0320,CS108,5,3
S0320,CS310,5,3
S0321,CS108,1,5
S0321,CS101,1,3
S0321,CS107,1,5
S0321,CS102,1,2
S0321,CS104,1,5
S0321,CS106,2,2
S0321,CS105,2,3
S0321,CS103,2,2
S0321,CS211,3,5
S0321,CS210,3,4
S0321,CS207,3,4
S0321,CS206,3,5
S0321,CS208,4,3
S0321,CS202,4,4
S0321,CS209,4,4
S0321,CS203,4,4
S0322,CS108,1,3
S0322,CS105,1,5
S0322,CS101,1,3
S0322,CS107,1,2
S0322,CS102,2,3
S0322,CS106,2,1
S0322,CS103,2,3
S0322,CS104,2,3
S0322,CS203,3,5
S0322,CS207,3,5
S0322,CS208,3,3
S0322,CS201,4,2
S0322,CS204,4,3
S0322,CS211,4,3
S0323,CS108,1,4
S0323,CS102,1,2
S0323,CS101,1,3
S0323,CS106,2,4
S0323,CS104,2,4
S0323,CS103,2,4
S0323,CS105,2,2
S0323,CS107,2,2
S0323,CS209,3,3
S0323,CS210,3,4
S0323,CS201,3,3
S0323,CS204,3,3
S0323,CS207,4,3
S0323,CS202,4,3
S0323,CS203,4,3
S0323,CS206,4,2
S0323,CS212,4,2
S0323,CS311,5,5
S0323,CS310,5,1
S0323,CS211,5,2
S0323,CS301,5,1
S0324,CS108,1,5
S0324,CS106,1,3
S0324,CS103,1,3
S0324,CS104,2,5
S0324,CS107,2,2
S0324,CS105,2,3
S0324,CS211,3,4
S0324,CS208,3,2
S0324,CS203,3,3
S0324,CS101,3,3
S0324,CS209,3,2
S0324,CS206,4,4
S0324,CS207,4,4
S0324,CS202,4,3
S0324,CS313,5,3
S0324,CS316,5,3
S0324,CS308,5,5
S0324,CS306,5,3
S0324,CS301,6,4
S0324,CS204,6,3
S0324,CS307,6,3
S0324,CS201,6,4
S0325,CS103,1,3
S0325,CS104,1,4
S0325,CS106,1,3
S0325,CS105,2,2
S0325,CS101,2,4
S0325,CS102,2,3
S0325,CS207,3,5
S0325,CS107,3,4
S0325,CS204,3,4
S0325,CS202,3,3
S0325,CS206,4,4
S0325,CS209,4,3
S0325,CS201,4,2
S0325,CS211,4,5
S0325,CS212,5,3
S0325,CS205,5,3
S0325,CS306,5,4
S0325,CS309,6,4
S0325,CS301,6,5
S0325,CS203,6,3
S0325,CS310,6,3
S0326,CS108,1,5
S0326,CS106,1,3
S0326,CS105,1,3
S0326,CS103,2,3
S0326,CS101,2,3
S0326,CS102,2,2
S0326,CS210,3,5
S0326,CS207,3,2
S0326,CS212,3,2
S0326,CS107,3,2
S0326,CS203,4,2
S0326,CS202,4,2
S0326,CS104,4,4
S0326,CS206,4,4
S0326,CS308,5,3
S0326,CS306,5,3
S0326,CS204,5,1
S0327,CS106,1,5
S0327,CS101,1,5
S0327,CS103,1,3
S0327,CS105,1,1
S0327,CS107,1,5
S0327,CS104,2,4
S0327,CS108,2,3
S0327,CS102,2,2
S0327,CS201,3,5
S0327,CS209,3,5
S0327,CS204,3,5
S0327,CS202,3,3
S0327,CS206,3,4
S0327,CS211,4,4
S0327,CS210,4,3
S0327,CS203,4,3
S0327,CS212,4,4
S0327,CS310,5,5
S0327,CS311,5,5
S0327,CS309,5,5
S0327,CS306,5,3
S0328,CS105,1,4
S0328,CS106,1,2
S0328,CS103,1,2
S0328,CS104,1,3
S0328,CS101,2,3
S0328,CS108,2,3
S0328,CS107,2,2
S0328,CS208,3,5
S0328,CS203,3,5
S0328,CS204,3,3
S0328,CS211,3,4
S0328,CS206,4,3
S0328,CS201,4,3
S0328,CS209,4,3
S0328,CS207,4,4
S0328,CS316,5,5
S0328,CS305,5,4
S0328,CS313,5,2
S0329,CS108,1,4
S0329,CS107,1,4
S0329,CS105,1,3
S0329,CS106,1,3
S0329,CS104,1,5
S0329,CS101,2,4
S0329,CS103,2,2
S0329,CS102,2,3
S0329,CS206,3,5
S0329,CS210,3,4
S0329,CS207,3,5
S0329,CS211,4,5
S0329,CS201,4,4
S0329,CS209,4,5
S0329,CS203,4,5
S0329,CS202,4,4
S0329,CS310,5,3
S0329,CS308,5,5
S0329,CS306,5,5
S0330,CS102,1,5
S0330,CS106,1,4
S0330,CS101,1,5
S0330,CS105,1,3
S0330,CS108,1,4
S0330,CS104,2,3
S0330,CS103,2,5
S0330,CS107,2,4
S0330,CS201,3,4
S0330,CS209,3,3
S0330,CS208,3,5
S0330,CS206,4,4
S0330,CS204,4,5
S0330,CS203,4,5
S0330,CS311,5,5
S0330,CS316,5,5
S0330,CS313,5,4
S0330,CS309,5,5
S0331,CS102,1,3
S0331,CS108,1,4
S0331,CS106,1,2
S0331,CS107,2,3
S0331,CS105,2,4
S0331,CS101,2,4
S0331,CS104,2,3
S0331,CS206,3,5
S0331,CS210,3,4
S0331,CS211,3,4
S0331,CS204,3,5
S0331,CS207,4,5
S0331,CS208,4,3
S0331,CS201,4,2
S0331,CS202,4,3
S0331,CS212,4,3
S0331,CS309,5,2
S0331,CS209,5,3
S0331,CS314,5,3
S0331,CS311,5,3
S0331,CS316,6,4
S0331,CS306,6,3
S0331,CS103,6,5
S0331,CS308,6,3
S0332,CS105,1,5
S0332,CS108,1,2
S0332,CS102,1,3
S0332,CS107,2,4
S0332,CS104,2,5
S0332,CS106,2,2
S0332,CS101,2,3
S0332,CS211,3,5
S0332,CS204,3,3
S0332,CS207,3,4
S0332,CS203,3,5
S0332,CS209,4,3
S0332,CS202,4,4
S0332,CS206,4,5
S0332,CS307,5,4
S0332,CS308,5,3
S0332,CS310,5,3
S0332,CS208,5,4
S0333,CS108,1,3
S0333,CS102,1,2
S0333,CS107,1,3
S0333,CS106,1,2
S0333,CS104,2,3
S0333,CS105,2,2
S0333,CS101,2,4
S0333,CS103,2,3
S0333,CS202,3,3
S0333,CS211,3,5
S0333,CS210,3,4
S0333,CS207,4,4
S0333,CS212,4,2
S0333,CS206,4,3
S0333,CS203,4,3
S0334,CS105,1,5
S0334,CS101,1,3
S0334,CS104,1,4
S0334,CS107,2,3
S0334,CS103,2,3
S0334,CS108,2,3
S0334,CS203,3,5
S0334,CS208,3,3
S0334,CS201,3,3
S0334,CS204,3,3
S0334,CS211,4,3
S0334,CS102,4,2
S0334,CS206,4,2
S0335,CS104,1,5
S0335,CS107,1,5
S0335,CS102,1,2
S0335,CS108,2,2
S0335,CS106,2,2
S0335,CS103,2,4
S0335,CS210,3,2
S0335,CS211,3,5
S0335,CS105,3,1
S0335,CS101,3,4
S0335,CS206,4,5
S0335,CS202,4,5
S0335,CS201,4,4
S0335,CS212,4,2
S0336,CS108,1,3
S0336,CS105,1,4
S0336,CS106,1,2
S0336,CS101,1,2
S0336,CS103,2,2
S0336,CS107,2,3
S0336,CS102,2,2
S0336,CS203,3,4
S0336,CS206,3,3
S0336,CS208,3,5
S0336,CS210,3,4
S0336,CS201,4,3
S0336,CS212,4,2
S0336,CS209,4,4
S0336,CS204,4,3
S0337,CS105,1,4
S0337,CS107,1,3
S0337,CS103,1,3
S0337,CS108,1,4
S0337,CS104,1,3
S0337,CS101,2,3
S0337,CS102,2,2
S0337,CS106,2,2
S0337,CS210,3,3
S0337,CS208,3,5
S0337,CS203,3,4
S0337,CS206,3,4
S0337,CS212,4,3
S0337,CS202,4,2
S0337,CS211,4,2
S0337,CS316,5,4
S0337,CS312,5,1
S0337,CS207,5,4
S0337,CS301,5,2
S0337,CS307,6,2
S0337,CS313,6,1
S0337,CS209,6,3
S0338,CS105,1,4
S0338,CS104,1,5
S0338,CS108,1,3
S0338,CS102,1,2
S0338,CS107,2,3
S0338,CS103,2,3
S0338,CS101,2,3
S0338,CS106,2,2
S0338,CS203,3,5
S0338,CS208,3,5
S0338,CS207,3,3
S0338,CS211,3,4
S0338,CS204,3,2
S0338,CS202,4,5
S0338,CS206,4,3
S0338,CS212,4,3
S0338,CS210,4,2
S0338,CS306,5,4
S0338,CS309,5,3
S0338,CS316,5,5
S0338,CS311,5,5
S0339,CS101,1,4
S0339,CS106,1,4
S0339,CS108,1,3
S0339,CS107,1,3
S0339,CS105,2,3
S0339,CS102,2,2
S0339,CS104,2,3
S0339,CS103,3,2
S0339,CS202,3,2
S0339,CS207,3,5
S0339,CS204,3,4
S0339,CS201,4,4
S0339,CS212,4,1
S0339,CS209,4,5
S0339,CS203,4,3
S0340,CS107,1,4
S0340,CS101,1,5
S0340,CS106,1,4
S0340,CS104,2,3
S0340,CS103,2,2
S0340,CS102,2,4
S0340,CS108,2,3
S0340,CS202,3,3
S0340,CS209,3,5
S0340,CS211,3,4
S0340,CS204,3,5
S0340,CS207,4,5
S0340,CS206,4,4
S0340,CS201,4,4
S0341,CS101,1,5
S0341,CS105,1,4
S0341,CS102,1,3
S0341,CS106,1,4
S0341,CS107,2,2
S0341,CS108,2,2
S0341,CS104,2,3
S0341,CS103,2,3
S0341,CS209,3,5
S0341,CS208,3,4
S0341,CS202,3,2
S0341,CS201,3,4
S0341,CS203,3,5
S0341,CS205,4,3
S0341,CS212,4,2
S0341,CS211,4,2
S0342,CS108,1,3
S0342,CS105,1,5
S0342,CS103,1,3
S0342,CS106,2,3
S0342,CS104,2,3
S0342,CS101,2,3
S0342,CS203,3,5
S0342,CS208,3,4
S0342,CS207,3,3
S0342,CS204,3,3
S0342,CS107,3,3
S0342,CS202,4,2
S0342,CS201,4,2
S0342,CS211,4,2
S0342,CS209,4,2
S0342,CS206,4,2
S0343,CS108,1,4
S0343,CS107,1,2
S0343,CS104,1,2
S0343,CS102,2,2
S0343,CS101,2,2
S0343,CS103,2,3
S0343,CS204,3,2
S0343,CS202,3,2
S0343,CS207,3,5
S0343,CS106,4,3
S0343,CS201,4,3
S0343,CS210,4,3
S0343,CS212,4,1
S0343,CS311,5,3
S0343,CS209,5,3
S0343,CS206,5,1
S0344,CS105,1,4
S0344,CS108,1,5
S0344,CS104,1,2
S0344,CS107,1,2
S0344,CS106,2,2
S0344,CS102,2,2
S0344,CS101,2,3
S0344,CS210,3,5
S0344,CS204,3,3
S0344,CS208,3,4
S0344,CS203,3,5
S0344,CS207,4,5
S0344,CS103,4,4
S0344,CS206,4,3
S0344,CS211,4,5
S0344,CS313,5,5
S0344,CS202,5,1
S0344,CS316,5,4
S0344,CS312,5,5
S0344,CS311,5,4
S0345,CS103,1,4
S0345,CS106,1,3
S0345,CS108,1,2
S0345,CS102,1,3
S0345,CS107,2,4
S0345,CS101,2,3
S0345,CS104,2,3
S0345,CS105,2,2
S0345,CS204,3,3
S0345,CS203,3,2
S0345,CS210,3,2
S0345,CS207,3,5
S0345,CS201,3,4
S0345,CS208,4,2
S0345,CS205,4,3
S0345,CS212,4,3
S0346,CS108,1,3
S0346,CS105,1,3
S0346,CS104,1,2
S0346,CS107,1,4
S0346,CS106,2,2
S0346,CS101,2,4
S0346,CS103,2,3
S0346,CS102,2,2
S0346,CS203,3,5
S0346,CS211,3,2
S0346,CS208,3,4
S0346,CS209,4,3
S0346,CS206,4,3
S0346,CS210,4,3
S0346,CS204,5,2
S0346,CS316,5,5
S0346,CS313,5,3
S0346,CS312,5,2
S0347,CS107,1,4
S0347,CS108,1,3
S0347,CS101,1,5
S0347,CS105,2,3
S0347,CS106,2,4
S0347,CS103,2,1
S0347,CS102,2,2
S0347,CS104,2,3
S0347,CS211,3,3
S0347,CS208,3,3
S0347,CS201,3,5
S0347,CS206,3,3
S0347,CS210,4,2
S0347,CS204,4,5
S0347,CS209,4,5
S0347,CS316,5,4
S0347,CS309,5,5
S0347,CS311,5,5
S0347,CS314,6,3
S0347,CS308,6,3
S0347,CS202,6,2
S0347,CS301,6,2
S0347,CS313,6,3
S0348,CS108,1,2
S0348,CS102,1,4
S0348,CS103,1,5
S0348,CS101,2,2
S0348,CS107,2,4
S0348,CS106,2,2
S0348,CS105,2,2
S0348,CS201,3,2
S0348,CS212,3,5
S0348,CS202,3,1
S0348,CS204,3,3
S0348,CS205,4,5
S0348,CS104,4,3
S0348,CS209,4,3
S0348,CS208,4,2
S0348,CS311,5,3
S0348,CS309,5,3
S0348,CS315,5,5
S0348,CS206,5,3
S0348,CS310,5,2
S0349,CS105,1,2
S0349,CS101,1,3
S0349,CS104,1,5
S0349,CS103,2,3
S0349,CS106,2,2
S0349,CS108,2,2
S0349,CS211,3,5
S0349,CS107,3,5
S0349,CS203,3,4
S0349,CS202,3,5
S0349,CS206,4,5
S0349,CS207,4,3
S0349,CS209,4,3
S0349,CS102,4,1
S0349,CS306,5,4
S0349,CS307,5,5
S0349,CS204,5,4
S0349,CS310,5,3
S0349,CS201,5,3
S0349,CS311,6,3
S0349,CS210,6,2
S0349,CS301,6,2
S0350,CS103,1,5
S0350,CS107,1,5
S0350,CS104,1,5
S0350,CS102,1,5
S0350,CS108,2,2
S0350,CS105,2,1
S0350,CS106,2,2
S0350,CS212,3,5
S0350,CS211,3,5
S0350,CS209,3,3
S0350,CS210,3,1
S0350,CS203,4,2
S0350,CS101,4,3
S0350,CS208,4,2
S0350,CS206,5,5
S0350,CS207,5,5
S0350,CS202,5,4
S0350,CS204,5,2
S0350,CS308,6,5
S0350,CS310,6,3
S0350,CS306,6,4
S0350,CS307,6,5
S0351,CS107,1,5
S0351,CS104,1,5
S0351,CS106,1,2
S0351,CS103,2,2
S0351,CS108,2,3
S0351,CS102,2,2
S0351,CS101,2,3
S0351,CS206,3,5
S0351,CS211,3,5
S0351,CS202,3,5
S0351,CS207,3,3
S0351,CS105,4,2
S0351,CS212,4,4
S0351,CS204,4,2
S0351,CS201,4,2
S0351,CS209,4,2
S0351,CS203,5,3
S0351,CS308,5,5
S0351,CS306,5,5
S0351,CS307,5,5
S0351,CS208,5,2
S0351,CS301,6,3
S0351,CS310,6,2
S0351,CS313,6,2
S0351,CS311,6,3
S0352,CS107,1,5
S0352,CS104,1,5
S0352,CS106,1,3
S0352,CS108,1,3
S0352,CS103,2,2
S0352,CS101,2,3
S0352,CS102,2,3
S0352,CS105,2,1
S0352,CS202,3,4
S0352,CS206,3,4
S0352,CS211,3,5
S0352,CS207,3,3
S0352,CS204,4,3
S0352,CS210,4,4
S0352,CS212,4,4
S0352,CS307,5,5
S0352,CS201,5,3
S0352,CS309,5,4
S0352,CS209,5,4
S0352,CS306,5,5
S0352,CS301,6,4
S0352,CS315,6,2
S0352,CS308,6,5
S0352,CS310,6,2
S0353,CS101,1,5
S0353,CS106,1,5
S0353,CS103,1,3
S0353,CS105,2,2
S0353,CS107,2,3
S0353,CS102,2,3
S0353,CS104,2,4
S0353,CS108,2,4
S0353,CS204,3,5
S0353,CS209,3,4
S0353,CS202,3,2
S0353,CS201,4,4
S0353,CS208,4,2
S0353,CS211,4,4
S0353,CS210,5,4
S0353,CS310,5,5
S0353,CS309,5,5
S0353,CS316,5,3
S0353,CS311,5,5
S0354,CS104,1,4
S0354,CS103,1,4
S0354,CS102,1,4
S0354,CS107,1,3
S0354,CS105,2,1
S0354,CS108,2,3
S0354,CS101,2,2
S0354,CS206,3,5
S0354,CS207,3,4
S0354,CS210,3,2
S0354,CS212,3,4
S0354,CS201,3,2
S0354,CS203,4,4
S0354,CS208,4,2
S0354,CS202,4,3
S0354,CS211,4,5
S0354,CS306,5,5
S0354,CS307,5,3
S0354,CS314,5,1
S0354,CS313,5,2
S0354,CS301,6,4
S0354,CS205,6,5
S0354,CS316,6,2
S0354,CS315,6,3
S0355,CS106,1,4
S0355,CS107,1,5
S0355,CS104,1,5
S0355,CS101,1,4
S0355,CS103,1,3
S0355,CS108,2,3
S0355,CS102,2,4
S0355,CS105,2,1
S0355,CS202,3,5
S0355,CS201,3,3
S0355,CS204,3,4
S0355,CS206,3,4
S0355,CS209,4,5
S0355,CS207,4,5
S0355,CS211,4,5
S0355,CS205,4,4
S0355,CS311,5,5
S0355,CS306,5,5
S0355,CS308,5,5
S0355,CS212,5,3
S0355,CS310,5,5
S0356,CS105,1,4
S0356,CS103,1,5
S0356,CS102,1,5
S0356,CS108,1,3
S0356,CS107,2,2
S0356,CS101,2,5
S0356,CS106,2,1
S0356,CS212,3,3
S0356,CS203,3,3
S0356,CS204,3,2
S0356,CS207,3,4
S0356,CS104,4,3
S0356,CS209,4,3
S0356,CS206,4,2
S0357,CS105,1,4
S0357,CS107,1,2
S0357,CS106,1,3
S0357,CS108,2,3
S0357,CS101,2,4
S0357,CS103,2,3
S0357,CS102,2,3
S0357,CS208,3,4
S0357,CS212,3,3
S0357,CS210,3,5
S0357,CS203,4,5
S0357,CS201,4,2
S0357,CS204,4,3
S0357,CS311,5,5
S0357,CS305,5,4
S0357,CS316,5,5
S0357,CS312,5,3
S0357,CS206,6,2
S0357,CS207,6,3
S0357,CS209,6,3
S0357,CS313,6,4
S0358,CS103,1,4
S0358,CS107,1,5
S0358,CS104,1,5
S0358,CS106,1,2
S0358,CS101,2,1
S0358,CS102,2,3
S0358,CS108,2,3
S0358,CS105,2,2
S0358,CS211,3,4
S0358,CS212,3,3
S0358,CS206,3,5
S0358,CS202,4,5
S0358,CS201,4,2
S0358,CS209,4,2
S0358,CS307,5,5
S0358,CS306,5,5
S0358,CS308,5,5
S0358,CS208,5,1
S0358,CS301,6,3
S0358,CS210,6,3
S0358,CS310,6,2
S0358,CS313,6,2
S0359,CS107,1,3
S0359,CS103,1,3
S0359,CS108,1,3
S0359,CS106,1,3
S0359,CS104,1,3
S0359,CS101,2,3
S0359,CS102,2,2
S0359,CS105,2,1
S0359,CS208,3,3
S0359,CS203,3,2
S0359,CS207,3,5
S0359,CS204,3,3
S0359,CS202,4,3
S0359,CS206,4,3
S0359,CS212,4,2
S0359,CS308,5,2
S0359,CS301,5,3
S0359,CS307,5,2
S0359,CS313,5,1
S0360,CS105,1,3
S0360,CS102,1,2
S0360,CS108,1,3
S0360,CS103,1,4
S0360,CS101,2,2
S0360,CS106,2,2
S0360,CS107,2,2
S0360,CS203,3,5
S0360,CS208,3,5
S0360,CS207,3,1
S0360,CS202,3,2
S0360,CS210,3,3
S0360,CS209,4,3
S0360,CS104,4,3
S0360,CS206,4,3
S0360,CS204,4,2
S0360,CS316,5,5
S0360,CS313,5,1
S0360,CS312,5,3
S0360,CS201,5,3
S0361,CS105,1,2
S0361,CS101,1,2
S0361,CS103,1,4
S0361,CS102,1,3
S0361,CS106,1,2
S0361,CS107,2,2
S0361,CS108,2,3
S0361,CS104,2,2
S0361,CS212,3,3
S0361,CS204,3,2
S0361,CS203,3,4
S0361,CS201,3,3
S0361,CS208,3,4
S0361,CS205,4,4
S0361,CS206,4,3
S0361,CS202,4,1
S0361,CS209,4,4
S0361,CS309,5,3
S0361,CS305,5,2
S0361,CS211,5,1
S0361,CS310,6,2
S0361,CS316,6,3
S0361,CS307,6,2
S0361,CS313,6,1
S0362,CS101,1,3
S0362,CS104,1,2
S0362,CS106,1,4
S0362,CS105,1,4
S0362,CS103,1,2
S0362,CS102,2,3
S0362,CS107,2,4
S0362,CS108,2,3
S0362,CS201,3,3
S0362,CS207,3,5
S0362,CS208,3,5
S0362,CS204,3,5
S0362,CS209,3,4
S0362,CS212,4,3
S0362,CS211,4,3
S0362,CS203,4,4
S0363,CS105,1,2
S0363,CS104,1,3
S0363,CS107,1,4
S0363,CS106,1,2
S0363,CS102,1,3
S0363,CS103,2,2
S0363,CS101,2,2
S0363,CS108,2,3
S0363,CS206,3,5
S0363,CS207,3,1
S0363,CS201,3,2
S0363,CS211,4,2
S0363,CS203,4,5
S0363,CS208,4,4
S0363,CS202,5,4
S0363,CS316,5,4
S0363,CS308,5,4
S0363,CS306,6,2
S0363,CS305,6,4
S0363,CS204,6,4
S0363,CS307,6,3
S0363,CS212,6,1
S0364,CS102,1,3
S0364,CS103,1,4
S0364,CS101,1,5
S0364,CS104,1,3
S0364,CS106,2,3
S0364,CS107,2,3
S0364,CS105,2,2
S0364,CS108,2,4
S0364,CS212,3,1
S0364,CS204,3,3
S0364,CS207,3,5
S0364,CS206,3,4
S0364,CS202,4,4
S0364,CS201,4,4
S0364,CS209,4,4
S0364,CS311,5,4
S0364,CS208,5,2
S0364,CS211,5,5
S0364,CS310,5,4
S0364,CS301,6,5
S0364,CS309,6,4
S0364,CS306,6,3
S0364,CS307,6,3
S0365,CS101,1,3
S0365,CS107,1,5
S0365,CS103,1,4
S0365,CS102,1,3
S0365,CS104,2,5
S0365,CS106,2,3
S0365,CS105,2,3
S0365,CS108,2,2
S0365,CS206,3,5
S0365,CS211,3,5
S0365,CS204,3,4
S0365,CS201,3,3
S0365,CS202,4,5
S0365,CS207,4,3
S0365,CS210,4,3
S0365,CS208,4,2
S0366,CS105,1,5
S0366,CS106,1,3
S0366,CS104,1,3
S0366,CS101,1,4
S0366,CS103,2,4
S0366,CS102,2,2
S0366,CS108,2,3
S0366,CS201,3,3
S0366,CS208,3,4
S0366,CS203,3,4
S0366,CS209,3,4
S0366,CS204,4,4
S0366,CS205,4,3
S0366,CS202,4,2
S0366,CS212,4,2
S0366,CS207,4,3
S0367,CS106,1,5
S0367,CS104,1,3
S0367,CS107,1,3
S0367,CS101,1,5
S0367,CS102,2,2
S0367,CS108,2,3
S0367,CS103,2,2
S0367,CS201,3,5
S0367,CS212,3,2
S0367,CS209,3,5
S0367,CS206,4,2
S0367,CS204,4,5
S0367,CS210,4,4
S0367,CS211,4,4
S0367,CS311,5,5
S0367,CS309,5,5
S0367,CS205,5,2
S0367,CS308,5,2
S0367,CS202,6,3
S0367,CS301,6,2
S0367,CS315,6,3
S0367,CS207,6,2
S0367,CS105,6,1
S0368,CS106,1,5
S0368,CS101,1,5
S0368,CS108,1,3
S0368,CS103,2,1
S0368,CS105,2,2
S0368,CS102,2,1
S0368,CS209,3,5
S0368,CS204,3,5
S0368,CS210,3,2
S0368,CS201,4,5
S0368,CS203,4,1
S0368,CS207,4,2
S0368,CS309,5,5
S0368,CS311,5,5
S0368,CS107,5,3
S0368,CS104,5,3
S0368,CS202,6,1
S0368,CS206,6,3
S0368,CS211,6,2
S0368,CS305,6,2
S0368,CS212,6,1
S0369,CS108,1,2
S0369,CS101,1,5
S0369,CS104,1,3
S0369,CS106,2,5
S0369,CS107,2,4
S0369,CS105,2,3
S0369,CS209,3,5
S0369,CS201,3,5
S0369,CS202,3,4
S0369,CS204,4,5
S0369,CS211,4,4
S0369,CS206,4,5
S0369,CS207,4,4
S0369,CS309,5,5
S0369,CS306,5,4
S0369,CS307,5,3
S0369,CS308,6,4
S0369,CS310,6,5
S0369,CS311,6,5
S0369,CS208,6,2
S0370,CS108,1,4
S0370,CS101,1,3
S0370,CS106,1,2
S0370,CS104,1,3
S0370,CS103,2,3
S0370,CS107,2,2
S0370,CS102,2,3
S0370,CS105,2,1
S0370,CS210,3,4
S0370,CS202,3,1
S0370,CS201,3,3
S0370,CS209,3,2
S0370,CS212,4,3
S0370,CS211,4,3
S0370,CS203,4,2
S0370,CS310,5,4
S0370,CS207,5,3
S0370,CS305,5,1
S0370,CS206,5,4
S0371,CS108,1,3
S0371,CS107,1,2
S0371,CS103,1,4
S0371,CS101,2,2
S0371,CS106,2,2
S0371,CS104,2,3
S0371,CS105,2,3
S0371,CS203,3,5
S0371,CS209,3,1
S0371,CS202,3,2
S0371,CS208,3,3
S0371,CS201,4,3
S0371,CS207,4,3
S0371,CS211,4,3
S0371,CS204,4,2
S0371,CS313,5,5
S0371,CS206,5,4
S0371,CS310,5,2
S0371,CS316,5,4
S0372,CS107,1,5
S0372,CS104,1,5
S0372,CS105,1,2
S0372,CS103,1,2
S0372,CS108,2,4
S0372,CS101,2,3
S0372,CS102,2,3
S0372,CS106,2,2
S0372,CS206,3,5
S0372,CS202,3,4
S0372,CS211,3,5
S0372,CS203,4,3
S0372,CS207,4,3
S0372,CS201,4,2
S0372,CS210,4,2
S0372,CS212,4,2
S0373,CS102,1,4
S0373,CS103,1,3
S0373,CS105,1,1
S0373,CS101,1,1
S0373,CS108,1,4
S0373,CS107,2,2
S0373,CS106,2,3
S0373,CS104,2,3
S0373,CS211,3,3
S0373,CS207,3,5
S0373,CS208,3,2
S0373,CS203,4,3
S0373,CS206,4,3
S0373,CS210,4,2
S0374,CS101,1,4
S0374,CS106,1,4
S0374,CS105,1,2
S0374,CS108,2,3
S0374,CS107,2,3
S0374,CS103,2,2
S0374,CS102,2,3
S0374,CS104,2,4
S0374,CS207,3,5
S0374,CS210,3,1
S0374,CS204,3,5
S0374,CS201,3,4
S0374,CS209,4,5
S0374,CS212,4,2
S0374,CS208,4,2
S0374,CS309,5,5
S0374,CS311,5,5
S0374,CS203,5,3
S0374,CS316,5,2
S0375,CS108,1,3
S0375,CS103,1,2
S0375,CS101,1,5
S0375,CS105,2,3
S0375,CS104,2,2
S0375,CS106,2,4
S0375,CS107,2,2
S0375,CS206,3,3
S0375,CS211,3,3
S0375,CS201,3,5
S0375,CS204,3,5
S0375,CS203,4,3
S0375,CS209,4,5
S0375,CS102,4,1
S0375,CS208,4,2
S0376,CS104,1,3
S0376,CS103,1,3
S0376,CS101,1,4
S0376,CS106,2,3
S0376,CS108,2,4
S0376,CS105,2,2
S0376,CS107,2,3
S0376,CS207,3,2
S0376,CS201,3,4
S0376,CS208,3,3
S0376,CS203,3,3
S0376,CS102,4,3
S0376,CS204,4,4
S0376,CS211,4,3
S0376,CS209,4,4
S0376,CS305,5,4
S0376,CS316,5,4
S0376,CS311,5,5
S0377,CS105,1,1
S0377,CS107,1,3
S0377,CS101,1,3
S0377,CS106,1,1
S0377,CS104,2,5
S0377,CS103,2,3
S0377,CS108,2,3
S0377,CS102,2,3
S0377,CS202,3,2
S0377,CS211,3,5
S0377,CS207,3,5
S0377,CS206,4,5
S0377,CS209,4,2
S0377,CS212,4,2
S0377,CS307,5,5
S0377,CS306,5,4
S0377,CS301,5,5
S0377,CS310,5,4
S0377,CS304,6,5
S0377,CS303,6,5
S0377,CS302,6,4
S0377,CS204,6,3
S0378,CS101,1,5
S0378,CS104,1,4
S0378,CS106,1,5
S0378,CS105,1,3
S0378,CS107,1,3
S0378,CS108,2,2
S0378,CS102,2,3
S0378,CS103,2,2
S0378,CS201,3,5
S0378,CS209,3,5
S0378,CS207,3,4
S0378,CS204,4,5
S0378,CS208,4,4
S0378,CS202,4,3
S0378,CS309,5,5
S0378,CS311,5,5
S0378,CS310,5,5
S0378,CS314,6,3
S0378,CS316,6,5
S0378,CS313,6,1
S0378,CS206,6,3
S0379,CS106,1,1
S0379,CS103,1,5
S0379,CS107,1,3
S0379,CS108,2,4
S0379,CS101,2,3
S0379,CS102,2,3
S0379,CS104,2,3
S0379,CS209,3,4
S0379,CS212,3,4
S0379,CS202,3,1
S0379,CS210,3,3
S0379,CS204,3,3
S0379,CS206,4,2
S0379,CS201,4,3
S0379,CS105,4,4
S0379,CS211,4,2
S0379,CS207,4,2
S0380,CS105,1,3
S0380,CS106,1,2
S0380,CS101,1,1
S0380,CS104,1,3
S0380,CS107,1,3
S0380,CS108,2,2
S0380,CS102,2,2
S0380,CS103,2,1
S0380,CS207,3,2
S0380,CS203,3,5
S0380,CS208,3,5
S0380,CS210,3,3
S0380,CS206,4,3
S0380,CS204,4,2
S0380,CS211,4,3
S0381,CS104,1,5
S0381,CS106,1,5
S0381,CS105,1,3
S0381,CS107,1,5
S0381,CS101,1,4
S0381,CS108,2,2
S0381,CS102,2,1
S0381,CS103,2,2
S0381,CS202,3,5
S0381,CS208,3,4
S0381,CS201,3,4
S0381,CS211,3,5
S0381,CS205,4,1
S0381,CS209,4,3
S0381,CS204,4,3
S0381,CS313,5,2
S0381,CS309,5,4
S0381,CS212,5,2
S0382,CS106,1,5
S0382,CS101,1,5
S0382,CS104,1,4
S0382,CS107,1,3
S0382,CS105,1,2
S0382,CS102,2,3
S0382,CS103,2,2
S0382,CS108,2,3
S0382,CS204,3,4
S0382,CS211,3,3
S0382,CS210,3,2
S0382,CS209,3,5
S0382,CS203,4,4
S0382,CS201,4,5
S0382,CS207,4,3
S0383,CS104,1,3
S0383,CS102,1,4
S0383,CS105,1,3
S0383,CS101,1,2
S0383,CS103,2,5
S0383,CS108,2,3
S0383,CS107,2,3
S0383,CS208,3,5
S0383,CS206,3,3
S0383,CS203,3,5
S0383,CS211,4,3
S0383,CS202,4,3
S0383,CS201,4,2
S0383,CS306,5,1
S0383,CS313,5,3
S0383,CS314,5,4
S0383,CS205,5,4
S0383,CS210,6,3
S0383,CS316,6,5
S0383,CS212,6,4
S0383,CS308,6,3
S0383,CS305,6,3
S0384,CS105,1,5
S0384,CS108,1,2
S0384,CS103,1,4
S0384,CS102,1,3
S0384,CS101,2,3
S0384,CS104,2,3
S0384,CS106,2,2
S0384,CS107,2,3
S0384,CS203,3,5
S0384,CS208,3,5
S0384,CS201,3,2
S0384,CS204,4,3
S0384,CS210,4,2
S0384,CS211,4,2
S0385,CS108,1,3
S0385,CS107,1,3
S0385,CS102,1,5
S0385,CS104,2,4
S0385,CS105,2,4
S0385,CS106,2,4
S0385,CS208,3,4
S0385,CS209,3,4
S0385,CS203,3,5
S0385,CS103,4,4
S0385,CS211,4,5
S0385,CS212,4,3
S0385,CS101,4,2
S0385,CS210,4,2
S0385,CS207,5,5
S0385,CS316,5,5
S0385,CS201,5,4
S0385,CS204,5,5
S0386,CS106,1,3
S0386,CS101,1,5
S0386,CS104,1,4
S0386,CS107,1,3
S0386,CS103,2,3
S0386,CS105,2,3
S0386,CS102,2,1
S0386,CS201,3,5
S0386,CS204,3,5
S0386,CS206,3,3
S0386,CS209,3,5
S0386,CS208,3,2
S0386,CS211,4,4
S0386,CS108,4,3
S0386,CS202,4,3
S0386,CS207,4,4
S0386,CS309,5,5
S0386,CS311,5,5
S0386,CS310,5,5
S0386,CS308,6,4
S0386,CS212,6,2
S0386,CS307,6,2
S0386,CS316,6,4
S0387,CS101,1,5
S0387,CS106,1,4
S0387,CS102,1,3
S0387,CS103,2,3
S0387,CS105,2,2
S0387,CS107,2,3
S0387,CS108,2,2
S0387,CS204,3,5
S0387,CS201,3,5
S0387,CS209,3,4
S0387,CS207,3,2
S0387,CS206,4,3
S0387,CS210,4,3
S0387,CS202,4,3
S0387,CS104,4,4
S0387,CS311,5,5
S0387,CS309,5,5
S0387,CS310,5,5
S0387,CS301,5,3
S0387,CS302,6,2
S0387,CS211,6,3
S0387,CS203,6,3
S0387,CS304,6,3
S0388,CS107,1,5
S0388,CS104,1,3
S0388,CS101,1,4
S0388,CS106,1,4
S0388,CS103,2,4
S0388,CS102,2,4
S0388,CS105,2,1
S0388,CS108,2,2
S0388,CS207,3,5
S0388,CS202,3,5
S0388,CS209,3,4
S0388,CS206,3,4
S0388,CS211,4,4
S0388,CS212,4,3
S0388,CS201,4,3
S0388,CS204,4,3
S0388,CS203,4,3
S0388,CS308,5,4
S0388,CS301,5,4
S0388,CS311,5,5
S0389,CS106,1,5
S0389,CS104,1,3
S0389,CS108,1,5
S0389,CS101,2,5
S0389,CS107,2,5
S0389,CS102,2,3
S0389,CS211,3,5
S0389,CS209,3,4
S0389,CS201,3,5
S0389,CS210,3,5
S0389,CS204,4,5
S0389,CS206,4,3
S0389,CS202,4,4
S0389,CS310,5,5
S0389,CS309,5,5
S0389,CS307,5,3
S0389,CS308,5,4
S0390,CS108,1,5
S0390,CS102,1,2
S0390,CS107,1,2
S0390,CS103,2,1
S0390,CS104,2,3
S0390,CS106,2,2
S0390,CS101,2,3
S0390,CS105,2,1
S0390,CS204,3,1
S0390,CS208,3,4
S0390,CS210,3,5
S0390,CS207,4,2
S0390,CS203,4,4
S0390,CS206,4,3
S0390,CS202,4,2
S0390,CS313,5,5
S0390,CS308,5,2
S0390,CS312,5,5
S0390,CS316,5,4
S0390,CS309,5,2
S0390,CS301,6,2
S0390,CS201,6,3
S0390,CS211,6,3
S0391,CS107,1,5
S0391,CS104,1,5
S0391,CS105,1,4
S0391,CS102,2,2
S0391,CS108,2,3
S0391,CS101,2,3
S0391,CS103,2,3
S0391,CS211,3,5
S0391,CS206,3,5
S0391,CS208,3,4
S0391,CS202,4,5
S0391,CS203,4,5
S0391,CS204,4,3
S0392,CS108,1,4
S0392,CS106,1,5
S0392,CS101,1,4
S0392,CS103,2,1
S0392,CS104,2,4
S0392,CS105,2,2
S0392,CS211,3,3
S0392,CS201,3,5
S0392,CS204,3,5
S0392,CS202,4,2
S0392,CS209,4,5
S0392,CS207,4,2
S0392,CS203,4,4
S0392,CS310,5,5
S0392,CS309,5,5
S0392,CS311,5,5
S0392,CS305,5,2
S0393,CS107,1,4
S0393,CS105,1,1
S0393,CS104,1,5
S0393,CS102,1,4
S0393,CS103,1,4
S0393,CS106,2,3
S0393,CS108,2,2
S0393,CS101,2,2
S0393,CS211,3,5
S0393,CS206,3,5
S0393,CS202,3,5
S0393,CS207,3,4
S0393,CS204,4,3
S0393,CS212,4,4
S0393,CS208,4,2
S0394,CS101,1,5
S0394,CS108,1,1
S0394,CS106,1,5
S0394,CS102,2,1
S0394,CS105,2,1
S0394,CS107,2,4
S0394,CS204,3,4
S0394,CS209,3,5
S0394,CS201,3,5
S0394,CS212,3,2
S0394,CS210,4,2
S0394,CS203,4,3
S0394,CS206,4,2
S0394,CS207,4,2
S0394,CS208,4,3
S0394,CS311,5,5
S0394,CS309,5,5
S0394,CS103,5,3
S0394,CS314,5,1
S0394,CS312,5,2
S0394,CS202,6,3
S0394,CS205,6,1
S0394,CS316,6,3
S0395,CS104,1,5
S0395,CS105,1,3
S0395,CS103,1,4
S0395,CS106,2,2
S0395,CS107,2,4
S0395,CS101,2,2
S0395,CS211,3,5
S0395,CS206,3,5
S0395,CS207,3,3
S0395,CS102,3,3
S0395,CS202,4,5
S0395,CS203,4,3
S0395,CS212,4,3
S0395,CS210,4,2
S0395,CS204,4,2
S0395,CS308,5,5
S0395,CS301,5,3
S0395,CS306,5,5
S0396,CS103,1,4
S0396,CS108,1,3
S0396,CS102,1,2
S0396,CS101,1,4
S0396,CS106,1,3
S0396,CS107,2,3
S0396,CS105,2,2
S0396,CS104,2,2
S0396,CS207,3,4
S0396,CS201,3,2
S0396,CS204,3,3
S0396,CS211,3,2
S0396,CS203,4,4
S0396,CS210,4,5
S0396,CS209,4,4
S0396,CS309,5,2
S0396,CS212,5,4
S0396,CS311,5,5
S0396,CS202,5,2
S0397,CS104,1,3
S0397,CS103,1,5
S0397,CS102,1,4
S0397,CS108,2,3
S0397,CS107,2,3
S0397,CS105,2,2
S0397,CS101,2,1
S0397,CS106,2,3
S0397,CS211,3,3
S0397,CS203,3,3
S0397,CS212,3,5
S0397,CS210,4,4
S0397,CS202,4,3
S0397,CS206,4,4
S0397,CS207,4,2
S0397,CS201,5,3
S0397,CS308,5,3
S0397,CS208,5,2
S0397,CS315,6,4
S0397,CS313,6,3
S0397,CS301,6,2
S0397,CS205,6,5
S0398,CS108,1,4
S0398,CS107,1,5
S0398,CS104,1,5
S0398,CS101,1,3
S0398,CS105,2,1
S0398,CS102,2,2
S0398,CS103,2,3
S0398,CS207,3,2
S0398,CS206,3,5
S0398,CS203,3,3
S0398,CS211,3,5
S0398,CS202,4,4
S0398,CS210,4,3
S0398,CS208,4,3
S0398,CS106,4,2
S0398,CS201,4,3
S0398,CS306,5,5
S0398,CS307,5,5
S0398,CS308,5,5
S0398,CS212,5,3
S0399,CS105,1,3
S0399,CS104,1,4
S0399,CS107,1,5
S0399,CS101,1,3
S0399,CS102,2,3
S0399,CS106,2,3
S0399,CS108,2,2
S0399,CS103,2,2
S0399,CS206,3,5
S0399,CS201,3,3
S0399,CS202,3,4
S0399,CS207,4,5
S0399,CS211,4,4
S0399,CS203,4,3
S0399,CS306,5,3
S0399,CS205,5,3
S0399,CS307,5,5
S0399,CS208,6,3
S0399,CS301,6,4
S0399,CS308,6,5
S0399,CS305,6,4
S0400,CS107,1,4
S0400,CS101,1,5
S0400,CS106,1,3
S0400,CS105,1,1
S0400,CS108,2,5
S0400,CS103,2,3
S0400,CS104,2,3
S0400,CS201,3,4
S0400,CS207,3,5
S0400,CS102,3,2
S0400,CS204,3,4
S0400,CS210,4,3
S0400,CS208,4,3
S0400,CS212,4,2
S0400,CS309,5,5
S0400,CS311,5,5
S0400,CS209,5,5
S0400,CS313,5,5
S0400,CS312,6,4
S0400,CS314,6,1
S0400,CS205,6,2
S0400,CS316,6,4
S0401,CS105,1,5
S0401,CS106,1,4
S0401,CS101,1,5
S0401,CS107,1,4
S0401,CS108,2,3
S0401,CS104,2,3
S0401,CS103,2,1
S0401,CS102,2,2
S0401,CS203,3,5
S0401,CS209,3,4
S0401,CS204,3,4
S0401,CS208,3,3
S0401,CS201,4,5
S0401,CS211,4,3
S0401,CS202,4,2
S0401,CS206,4,3
S0401,CS212,4,2
S0402,CS106,1,3
S0402,CS104,1,3
S0402,CS103,1,5
S0402,CS102,1,4
S0402,CS107,2,3
S0402,CS101,2,5
S0402,CS105,2,2
S0402,CS108,3,3
S0402,CS206,3,2
S0402,CS211,3,3
S0402,CS201,4,5
S0402,CS209,4,4
S0402,CS212,4,5
S0402,CS204,4,4
S0402,CS202,4,2
S0403,CS102,1,2
S0403,CS101,1,4
S0403,CS106,1,4
S0403,CS107,1,3
S0403,CS105,1,2
S0403,CS103,2,4
S0403,CS104,2,3
S0403,CS108,2,2
S0403,CS204,3,5
S0403,CS201,3,5
S0403,CS209,3,5
S0403,CS206,4,2
S0403,CS208,4,2
S0403,CS211,4,2
S0403,CS207,4,4
S0404,CS108,1,4
S0404,CS104,1,4
S0404,CS101,1,5
S0404,CS106,2,4
S0404,CS107,2,2
S0404,CS102,2,2
S0404,CS105,2,2
S0404,CS103,2,2
S0404,CS208,3,3
S0404,CS201,3,5
S0404,CS210,3,2
S0404,CS212,4,1
S0404,CS204,4,5
S0404,CS209,4,4
S0404,CS203,4,3
S0404,CS312,5,3
S0404,CS309,5,5
S0404,CS311,5,5
S0404,CS316,5,2
S0405,CS102,1,1
S0405,CS101,1,2
S0405,CS104,1,4
S0405,CS103,2,4
S0405,CS107,2,3
S0405,CS106,2,2
S0405,CS105,2,2
S0405,CS108,2,3
S0405,CS207,3,5
S0405,CS204,3,3
S0405,CS203,3,3
S0405,CS211,3,4
S0405,CS209,4,3
S0405,CS208,4,2
S0405,CS210,4,1
S0405,CS202,4,3
S0405,CS201,4,4
S0406,CS107,1,4
S0406,CS104,1,5
S0406,CS102,1,3
S0406,CS103,2,4
S0406,CS108,2,4
S0406,CS105,2,2
S0406,CS106,2,2
S0406,CS211,3,5
S0406,CS101,3,2
S0406,CS203,3,2
S0406,CS210,3,3
S0406,CS202,4,5
S0406,CS207,4,5
S0406,CS206,4,5
S0406,CS212,4,3
S0406,CS308,5,5
S0406,CS306,5,5
S0406,CS301,5,4
S0406,CS307,5,5
S0406,CS204,5,2
S0407,CS104,1,5
S0407,CS107,1,5
S0407,CS105,1,4
S0407,CS106,1,4
S0407,CS101,1,4
S0407,CS103,2,2
S0407,CS108,2,3
S0407,CS102,2,2
S0407,CS211,3,5
S0407,CS206,3,5
S0407,CS203,3,4
S0407,CS202,3,5
S0407,CS209,4,3
S0407,CS207,4,4
S0407,CS212,4,4
S0407,CS301,5,3
S0407,CS306,5,5
S0407,CS307,5,5
S0407,CS204,5,3
S0407,CS210,5,3
S0407,CS302,6,2
S0407,CS308,6,5
S0407,CS303,6,4
S0407,CS304,6,4
S0407,CS309,6,5
S0408,CS105,1,2
S0408,CS108,1,5
S0408,CS106,1,2
S0408,CS104,2,4
S0408,CS107,2,4
S0408,CS102,2,2
S0408,CS103,2,3
S0408,CS101,2,2
S0408,CS210,3,5
S0408,CS207,3,3
S0408,CS206,3,3
S0408,CS203,3,3
S0408,CS202,4,4
S0408,CS201,4,4
S0408,CS208,4,3
S0408,CS211,4,4
S0408,CS212,4,2
S0408,CS205,5,2
S0408,CS308,5,4
S0408,CS312,5,4
S0408,CS316,6,3
S0408,CS313,6,4
S0408,CS307,6,3
S0408,CS306,6,4
S0409,CS104,1,5
S0409,CS103,1,3
S0409,CS107,1,5
S0409,CS105,2,3
S0409,CS102,2,3
S0409,CS101,2,4
S0409,CS108,2,1
S0409,CS212,3,3
S0409,CS211,3,5
S0409,CS202,3,5
S0409,CS208,3,2
S0409,CS204,3,4
S0409,CS206,4,5
S0409,CS203,4,3
S0409,CS210,4,1
S0409,CS207,4,3
S0409,CS201,4,3
S0410,CS102,1,2
S0410,CS106,1,4
S0410,CS101,1,4
S0410,CS108,2,4
S0410,CS107,2,4
S0410,CS103,2,4
S0410,CS104,2,2
S0410,CS210,3,3
S0410,CS204,3,4
S0410,CS105,3,2
S0410,CS209,3,5
S0410,CS207,3,4
S0410,CS208,4,2
S0410,CS201,4,5
S0410,CS211,4,3
S0410,CS212,4,4
S0410,CS203,5,4
S0410,CS311,5,5
S0410,CS309,5,4
S0410,CS205,5,4
S0410,CS312,6,3
S0410,CS313,6,4
S0410,CS315,6,3
S0410,CS305,6,3
S0410,CS316,6,4
S0411,CS106,1,2
S0411,CS103,1,5
S0411,CS104,1,4
S0411,CS107,1,4
S0411,CS105,1,1
S0411,CS108,2,4
S0411,CS102,2,3
S0411,CS101,2,3
S0411,CS208,3,2
S0411,CS204,3,3
S0411,CS206,3,4
S0411,CS202,3,4
S0411,CS212,4,4
S0411,CS209,4,2
S0411,CS210,4,4
S0411,CS203,4,4
S0411,CS211,5,5
S0411,CS308,5,5
S0411,CS316,5,3
S0411,CS306,5,4
S0411,CS307,5,2
S0412,CS103,1,2
S0412,CS107,1,4
S0412,CS106,1,3
S0412,CS108,2,2
S0412,CS101,2,3
S0412,CS104,2,4
S0412,CS102,2,3
S0412,CS207,3,4
S0412,CS201,3,2
S0412,CS206,3,2
S0412,CS204,3,4
S0412,CS211,4,5
S0412,CS105,4,1
S0412,CS212,4,2
S0412,CS209,5,3
S0412,CS301,5,5
S0412,CS315,5,4
S0412,CS309,5,4
S0412,CS210,5,1
S0413,CS104,1,4
S0413,CS107,1,5
S0413,CS105,1,3
S0413,CS101,1,3
S0413,CS106,1,4
S0413,CS103,2,2
S0413,CS102,2,2
S0413,CS108,2,3
S0413,CS210,3,4
S0413,CS203,3,4
S0413,CS206,3,3
S0413,CS202,3,4
S0413,CS204,4,4
S0413,CS207,4,4
S0413,CS211,4,4
S0413,CS308,5,5
S0413,CS306,5,5
S0413,CS309,5,4
S0414,CS104,1,5
S0414,CS107,1,5
S0414,CS101,1,5
S0414,CS108,2,2
S0414,CS106,2,3
S0414,CS105,2,3
S0414,CS206,3,4
S0414,CS202,3,5
S0414,CS211,3,4
S0414,CS204,3,3
S0414,CS207,4,3
S0414,CS201,4,4
S0414,CS203,4,4
S0414,CS208,4,4
S0414,CS313,5,4
S0414,CS306,5,4
S0414,CS308,5,5
S0414,CS209,6,4
S0414,CS307,6,3
S0414,CS305,6,2
S0414,CS316,6,5
S0415,CS105,1,4
S0415,CS104,1,2
S0415,CS107,1,3
S0415,CS102,1,2
S0415,CS101,1,2
S0415,CS103,2,4
S0415,CS108,2,3
S0415,CS106,2,2
S0415,CS203,3,5
S0415,CS210,3,2
S0415,CS208,3,5
S0415,CS207,3,3
S0415,CS211,4,3
S0415,CS201,4,2
S0415,CS209,4,2
S0415,CS305,5,5
S0415,CS316,5,5
S0415,CS314,5,5
S0415,CS202,6,2
S0415,CS212,6,2
S0415,CS312,6,2
S0415,CS313,6,2
S0416,CS108,1,3
S0416,CS104,1,5
S0416,CS107,1,5
S0416,CS106,2,2
S0416,CS103,2,3
S0416,CS101,2,2
S0416,CS105,2,2
S0416,CS203,3,3
S0416,CS208,3,3
S0416,CS211,3,5
S0416,CS206,3,5
S0416,CS207,4,2
S0416,CS202,4,4
S0416,CS102,4,3
S0416,CS201,4,2
S0417,CS104,1,3
S0417,CS106,1,2
S0417,CS108,1,3
S0417,CS102,1,2
S0417,CS103,2,2
S0417,CS107,2,3
S0417,CS105,2,1
S0417,CS101,2,4
S0417,CS207,3,4
S0417,CS212,3,2
S0417,CS202,3,2
S0417,CS204,3,3
S0417,CS206,4,2
S0417,CS201,4,2
S0417,CS209,4,2
S0417,CS210,5,4
S0417,CS307,5,2
S0417,CS310,5,3
S0417,CS203,5,2
S0418,CS106,1,4
S0418,CS108,1,5
S0418,CS104,1,5
S0418,CS105,2,3
S0418,CS101,2,5
S0418,CS107,2,5
S0418,CS103,2,4
S0418,CS211,3,5
S0418,CS207,3,4
S0418,CS102,3,3
S0418,CS206,3,4
S0418,CS204,4,4
S0418,CS202,4,4
S0418,CS210,4,4
S0419,CS104,1,5
S0419,CS106,1,4
S0419,CS103,1,4
S0419,CS102,2,5
S0419,CS101,2,5
S0419,CS107,2,4
S0419,CS108,2,3
S0419,CS201,3,5
S0419,CS211,3,5
S0419,CS207,3,3
S0419,CS209,3,5
S0419,CS206,3,5
S0419,CS202,4,5
S0419,CS212,4,4
S0419,CS204,4,5
S0419,CS205,4,4
S0419,CS210,4,2
S0419,CS310,5,4
S0419,CS307,5,3
S0419,CS311,5,5
S0419,CS309,5,5
S0419,CS315,5,5
S0419,CS308,6,5
S0419,CS306,6,5
S0419,CS301,6,3
S0419,CS105,6,2
S0420,CS108,1,5
S0420,CS101,1,5
S0420,CS106,1,4
S0420,CS104,1,4
S0420,CS102,2,2
S0420,CS107,2,3
S0420,CS105,2,2
S0420,CS103,2,3
S0420,CS201,3,5
S0420,CS209,3,5
S0420,CS204,3,4
S0420,CS210,4,5
S0420,CS207,4,2
S0420,CS205,4,2
S0420,CS203,4,4
S0420,CS206,5,4
S0420,CS311,5,4
S0420,CS309,5,5
S0420,CS202,5,3
S0420,CS310,6,5
S0420,CS211,6,3
S0420,CS208,6,4
S0420,CS301,6,3
S0421,CS102,1,2
S0421,CS101,1,3
S0421,CS106,1,3
S0421,CS108,1,3
S0421,CS103,2,3
S0421,CS104,2,3
S0421,CS105,2,2
S0421,CS107,2,3
S0421,CS211,3,3
S0421,CS207,3,5
S0421,CS206,3,3
S0421,CS210,3,4
S0421,CS209,4,2
S0421,CS212,4,3
S0421,CS208,4,2
S0422,CS108,1,5
S0422,CS105,1,3
S0422,CS102,1,2
S0422,CS103,2,4
S0422,CS101,2,3
S0422,CS106,2,1
S0422,CS210,3,5
S0422,CS201,3,2
S0422,CS209,3,4
S0422,CS204,3,3
S0422,CS104,4,3
S0422,CS208,4,3
S0422,CS203,4,3
S0422,CS212,4,3
S0422,CS107,4,2
S0422,CS313,5,4
S0422,CS312,5,4
S0422,CS314,5,1
S0422,CS305,5,3
S0422,CS316,6,5
S0422,CS207,6,2
S0422,CS315,6,2
S0422,CS309,6,2
S0422,CS206,6,2
S0423,CS105,1,4
S0423,CS101,1,2
S0423,CS104,1,2
S0423,CS107,1,2
S0423,CS106,2,2
S0423,CS102,2,1
S0423,CS103,2,3
S0423,CS108,2,4
S0423,CS209,3,4
S0423,CS207,3,4
S0423,CS203,3,4
S0423,CS202,4,2
S0423,CS208,4,4
S0423,CS201,4,2
S0423,CS316,5,5
S0423,CS305,5,4
S0423,CS314,5,4
S0423,CS212,5,3
S0423,CS206,5,4
S0424,CS104,1,5
S0424,CS106,1,2
S0424,CS107,1,5
S0424,CS103,1,2
S0424,CS108,2,2
S0424,CS101,2,4
S0424,CS105,2,2
S0424,CS209,3,3
S0424,CS102,3,2
S0424,CS207,3,2
S0424,CS211,3,5
S0424,CS201,4,3
S0424,CS206,4,5
S0424,CS208,4,2
S0424,CS202,4,5
S0424,CS203,5,3
S0424,CS308,5,3
S0424,CS204,5,4
S0424,CS307,5,4
S0424,CS205,6,2
S0424,CS314,6,1
S0424,CS306,6,5
S0424,CS301,6,2
S0424,CS311,6,4
S0425,CS105,1,2
S0425,CS103,1,2
S0425,CS104,1,4
S0425,CS107,1,4
S0425,CS106,2,2
S0425,CS101,2,2
S0425,CS102,2,3
S0425,CS207,3,5
S0425,CS206,3,4
S0425,CS203,3,3
S0425,CS211,4,3
S0425,CS202,4,3
S0425,CS209,4,3
S0425,CS108,4,2
S0425,CS204,4,1
S0426,CS104,1,4
S0426,CS102,1,5
S0426,CS108,1,3
S0426,CS103,2,5
S0426,CS107,2,3
S0426,CS101,2,2
S0426,CS212,3,5
S0426,CS206,3,4
S0426,CS207,3,3
S0426,CS202,3,4
S0426,CS211,3,5
S0426,CS201,4,3
S0426,CS204,4,4
S0426,CS106,4,3
S0426,CS210,4,2
S0426,CS205,5,5
S0426,CS315,5,4
S0426,CS307,5,3
S0426,CS306,5,4
S0426,CS301,6,3
S0426,CS309,6,2
S0426,CS308,6,2
S0426,CS311,6,3
S0427,CS107,1,3
S0427,CS102,1,4
S0427,CS103,1,5
S0427,CS101,2,3
S0427,CS104,2,2
S0427,CS105,2,1
S0427,CS108,2,2
S0427,CS212,3,5
S0427,CS211,3,1
S0427,CS207,3,3
S0427,CS203,4,1
S0427,CS206,4,3
S0427,CS106,4,2
S0428,CS102,1,5
S0428,CS103,1,5
S0428,CS106,1,2
S0428,CS108,1,3
S0428,CS107,2,3
S0428,CS105,2,2
S0428,CS104,2,3
S0428,CS101,2,3
S0428,CS208,3,2
S0428,CS206,3,2
S0428,CS203,3,3
S0428,CS212,3,4
S0428,CS201,3,3
S0428,CS211,4,2
S0428,CS207,4,3
S0428,CS205,4,4
S0428,CS315,5,4
S0428,CS210,5,1
S0428,CS313,5,2
S0429,CS107,1,1
S0429,CS102,1,4
S0429,CS105,1,4
S0429,CS104,1,3
S0429,CS106,2,4
S0429,CS103,2,4
S0429,CS101,2,4
S0429,CS204,3,3
S0429,CS203,3,5
S0429,CS208,3,3
S0429,CS201,4,4
S0429,CS211,4,2
S0429,CS207,4,3
S0429,CS212,4,4
S0430,CS106,1,2
S0430,CS105,1,5
S0430,CS101,1,2
S0430,CS108,2,3
S0430,CS103,2,3
S0430,CS107,2,2
S0430,CS104,2,3
S0430,CS203,3,5
S0430,CS208,3,5
S0430,CS211,3,2
S0430,CS201,3,3
S0430,CS204,3,4
S0430,CS206,4,4
S0430,CS102,4,1
S0430,CS207,4,2
S0430,CS209,4,3
S0430,CS316,5,5
S0430,CS305,5,4
S0430,CS314,5,4
S0430,CS309,5,3
S0430,CS202,5,2
S0431,CS104,1,3
S0431,CS106,1,2
S0431,CS101,1,3
S0431,CS107,1,2
S0431,CS108,1,1
S0431,CS105,2,5
S0431,CS102,2,3
S0431,CS103,2,2
S0431,CS203,3,5
S0431,CS208,3,4
S0431,CS211,3,3
S0431,CS209,3,4
S0431,CS204,4,4
S0431,CS207,4,3
S0431,CS206,4,2
S0431,CS201,4,4
S0432,CS105,1,4
S0432,CS108,1,3
S0432,CS107,1,3
S0432,CS103,1,3
S0432,CS102,2,1
S0432,CS106,2,2
S0432,CS104,2,3
S0432,CS211,3,3
S0432,CS203,3,5
S0432,CS208,3,5
S0432,CS210,3,3
S0432,CS212,4,2
S0432,CS101,4,2
S0432,CS209,4,4
S0432,CS316,5,5
S0432,CS201,5,2
S0432,CS312,5,1
S0432,CS305,6,5
S0432,CS313,6,2
S0432,CS314,6,4
S0432,CS204,6,3
S0432,CS315,6,3
S0433,CS102,1,3
S0433,CS103,1,3
S0433,CS104,1,5
S0433,CS107,1,4
S0433,CS108,1,3
S0433,CS106,2,1
S0433,CS101,2,2
S0433,CS105,2,2
S0433,CS202,3,3
S0433,CS206,3,5
S0433,CS212,3,4
S0433,CS211,3,5
S0433,CS208,4,2
S0433,CS210,4,3
S0433,CS209,4,2
S0433,CS207,4,3
S0434,CS102,1,3
S0434,CS106,1,4
S0434,CS104,1,2
S0434,CS103,1,4
S0434,CS101,2,5
S0434,CS107,2,3
S0434,CS108,2,2
S0434,CS105,2,2
S0434,CS207,3,4
S0434,CS208,3,3
S0434,CS204,3,5
S0434,CS209,3,3
S0434,CS201,3,4
S0434,CS212,4,4
S0434,CS205,4,5
S0434,CS202,4,2
S0434,CS203,5,5
S0434,CS311,5,5
S0434,CS310,5,4
S0434,CS309,5,4
S0434,CS313,6,2
S0434,CS315,6,3
S0434,CS314,6,3
S0434,CS316,6,4
S0435,CS101,1,5
S0435,CS108,1,3
S0435,CS106,1,3
S0435,CS103,1,2
S0435,CS104,1,2
S0435,CS102,2,3
S0435,CS105,2,2
S0435,CS107,2,2
S0435,CS204,3,5
S0435,CS209,3,5
S0435,CS201,3,4
S0435,CS210,4,2
S0435,CS207,4,1
S0435,CS202,4,2
S0435,CS310,5,5
S0435,CS309,5,4
S0435,CS212,5,2
S0436,CS102,1,5
S0436,CS103,1,5
S0436,CS101,1,3
S0436,CS104,1,4
S0436,CS105,2,2
S0436,CS107,2,3
S0436,CS108,2,3
S0436,CS212,3,4
S0436,CS202,3,4
S0436,CS206,3,3
S0436,CS106,3,2
S0436,CS211,3,4
S0436,CS203,4,2
S0436,CS201,4,3
S0436,CS209,4,2
S0436,CS207,4,3
S0436,CS204,5,4
S0436,CS306,5,2
S0436,CS307,5,3
S0436,CS308,5,3
S0436,CS205,6,4
S0436,CS315,6,5
S0436,CS309,6,2
S0436,CS310,6,2
S0437,CS102,1,2
S0437,CS108,1,2
S0437,CS107,1,5
S0437,CS104,2,3
S0437,CS103,2,2
S0437,CS105,2,2
S0437,CS101,2,3
S0437,CS208,3,4
S0437,CS207,3,5
S0437,CS203,3,5
S0437,CS211,3,4
S0437,CS204,3,3
S0437,CS202,4,4
S0437,CS206,4,3
S0437,CS212,4,4
S0437,CS210,4,2
S0437,CS316,5,4
S0437,CS301,5,5
S0437,CS106,5,2
S0437,CS306,5,3
S0437,CS307,5,4
S0438,CS101,1,5
S0438,CS106,1,5
S0438,CS108,1,2
S0438,CS103,1,3
S0438,CS107,2,2
S0438,CS102,2,4
S0438,CS104,2,2
S0438,CS202,3,2
S0438,CS204,3,5
S0438,CS209,3,5
S0438,CS201,4,5
S0438,CS206,4,3
S0438,CS207,4,4
S0438,CS210,4,3
S0439,CS108,1,4
S0439,CS105,1,4
S0439,CS101,1,3
S0439,CS103,1,3
S0439,CS107,2,4
S0439,CS102,2,3
S0439,CS104,2,4
S0439,CS210,3,5
S0439,CS202,3,2
S0439,CS207,3,4
S0439,CS212,3,3
S0439,CS208,4,3
S0439,CS203,4,3
S0439,CS211,4,4
S0439,CS201,4,3
S0439,CS312,5,4
S0439,CS313,5,5
S0439,CS314,5,2
S0439,CS316,5,4
S0439,CS106,6,2
S0439,CS206,6,3
S0439,CS204,6,4
S0440,CS107,1,4
S0440,CS106,1,2
S0440,CS102,1,2
S0440,CS104,1,5
S0440,CS103,2,3
S0440,CS101,2,1
S0440,CS108,2,3
S0440,CS105,2,2
S0440,CS207,3,5
S0440,CS203,3,3
S0440,CS211,3,4
S0440,CS202,4,4
S0440,CS201,4,2
S0440,CS206,4,4
S0440,CS204,4,3
S0440,CS212,4,4
S0440,CS308,5,3
S0440,CS306,5,3
S0440,CS307,5,4
S0440,CS301,5,5
S0440,CS315,5,2
S0440,CS302,6,4
S0440,CS304,6,5
S0440,CS303,6,5
S0440,CS205,6,2
S0441,CS101,1,2
S0441,CS108,1,4
S0441,CS104,1,4
S0441,CS105,1,3
S0441,CS106,2,3
S0441,CS103,2,2
S0441,CS107,2,5
S0441,CS102,2,1
S0441,CS202,3,4
S0441,CS203,3,5
S0441,CS207,3,5
S0441,CS204,3,3
S0441,CS212,4,3
S0441,CS210,4,3
S0441,CS211,4,2
S0441,CS209,4,3
S0441,CS309,5,3
S0441,CS311,5,5
S0441,CS310,5,3
S0441,CS208,5,5
S0441,CS312,6,3
S0441,CS201,6,4
S0441,CS316,6,5
S0441,CS206,6,4
S0442,CS101,1,5
S0442,CS106,1,3
S0442,CS107,1,4
S0442,CS104,1,5
S0442,CS103,1,4
S0442,CS108,2,2
S0442,CS102,2,2
S0442,CS105,2,1
S0442,CS211,3,5
S0442,CS206,3,4
S0442,CS207,3,3
S0442,CS208,3,2
S0442,CS201,4,2
S0442,CS202,4,5
S0442,CS204,4,4
S0442,CS209,4,4
S0442,CS311,5,3
S0442,CS307,5,5
S0442,CS301,5,3
S0443,CS104,1,5
S0443,CS107,1,3
S0443,CS108,1,3
S0443,CS105,1,4
S0443,CS106,1,1
S0443,CS103,2,2
S0443,CS102,2,1
S0443,CS101,2,2
S0443,CS202,3,4
S0443,CS209,3,2
S0443,CS208,3,4
S0443,CS203,3,4
S0443,CS210,4,2
S0443,CS206,4,5
S0443,CS211,4,5
S0443,CS207,4,3
S0443,CS201,4,2
S0443,CS308,5,4
S0443,CS312,5,3
S0443,CS313,5,3
S0443,CS314,5,3
S0444,CS104,1,3
S0444,CS106,1,5
S0444,CS105,1,2
S0444,CS108,1,2
S0444,CS101,2,4
S0444,CS103,2,2
S0444,CS107,2,4
S0444,CS102,2,1
S0444,CS209,3,5
S0444,CS206,3,3
S0444,CS204,3,4
S0444,CS207,3,3
S0444,CS201,4,5
S0444,CS202,4,3
S0444,CS203,4,3
S0444,CS211,4,3
S0444,CS311,5,5
S0444,CS309,5,5
S0444,CS310,5,4
S0444,CS308,5,3
S0445,CS106,1,1
S0445,CS101,1,3
S0445,CS107,1,4
S0445,CS105,1,1
S0445,CS103,2,3
S0445,CS108,2,3
S0445,CS104,2,4
S0445,CS102,2,3
S0445,CS207,3,5
S0445,CS210,3,3
S0445,CS204,3,2
S0445,CS208,3,4
S0445,CS206,3,1
S0445,CS201,4,3
S0445,CS209,4,3
S0445,CS203,4,3
S0445,CS211,5,3
S0445,CS301,5,4
S0445,CS308,5,4
S0445,CS314,5,1
S0445,CS304,6,5
S0445,CS303,6,5
S0445,CS302,6,4
S0445,CS305,6,2
S0446,CS105,1,3
S0446,CS108,1,5
S0446,CS101,1,5
S0446,CS104,1,4
S0446,CS107,2,3
S0446,CS106,2,3
S0446,CS102,2,1
S0446,CS203,3,5
S0446,CS206,3,4
S0446,CS204,3,4
S0446,CS210,3,3
S0446,CS208,4,3
S0446,CS211,4,4
S0446,CS201,4,4
S0446,CS202,4,3
S0447,CS101,1,5
S0447,CS102,1,3
S0447,CS104,1,3
S0447,CS106,2,4
S0447,CS103,2,3
S0447,CS108,2,3
S0447,CS107,2,3
S0447,CS105,2,3
S0447,CS209,3,5
S0447,CS204,3,5
S0447,CS202,3,3
S0447,CS208,3,2
S0447,CS207,4,3
S0447,CS210,4,3
S0447,CS201,4,5
S0447,CS311,5,5
S0447,CS313,5,3
S0447,CS310,5,5
S0447,CS309,6,3
S0447,CS316,6,3
S0447,CS203,6,3
S0448,CS104,1,3
S0448,CS105,1,5
S0448,CS107,1,4
S0448,CS101,2,3
S0448,CS103,2,1
S0448,CS102,2,3
S0448,CS108,2,3
S0448,CS203,3,5
S0448,CS211,3,4
S0448,CS208,3,5
S0448,CS202,4,3
S0448,CS207,4,5
S0448,CS201,4,2
S0449,CS102,1,4
S0449,CS103,1,4
S0449,CS107,1,3
S0449,CS101,1,4
S0449,CS104,2,5
S0449,CS106,2,3
S0449,CS105,2,2
S0449,CS108,2,2
S0449,CS211,3,4
S0449,CS212,3,3
S0449,CS208,3,4
S0449,CS201,3,4
S0449,CS204,3,5
S0449,CS205,4,4
S0449,CS202,4,2
S0449,CS203,4,4
S0449,CS209,4,3
S0449,CS310,5,3
S0449,CS315,5,4
S0449,CS313,5,3
S0449,CS311,5,4
S0449,CS309,6,3
S0449,CS305,6,3
S0449,CS206,6,2
S0449,CS316,6,5
S0450,CS103,1,4
S0450,CS102,1,5
S0450,CS105,1,3
S0450,CS107,2,3
S0450,CS106,2,3
S0450,CS108,2,3
S0450,CS101,2,3
S0450,CS210,3,4
S0450,CS208,3,5
S0450,CS203,3,5
S0450,CS204,3,3
S0450,CS206,3,3
S0450,CS212,4,5
S0450,CS207,4,3
S0450,CS209,4,2
S0450,CS201,4,3
S0450,CS311,5,3
S0450,CS313,5,3
S0450,CS316,5,5
S0451,CS107,1,4
S0451,CS101,1,5
S0451,CS106,1,4
S0451,CS102,1,2
S0451,CS104,2,4
S0451,CS108,2,2
S0451,CS103,2,4
S0451,CS105,2,2
S0451,CS201,3,5
S0451,CS209,3,5
S0451,CS204,3,5
S0451,CS211,3,3
S0451,CS206,4,4
S0451,CS202,4,3
S0451,CS212,4,4
S0451,CS207,4,3
S0451,CS309,5,5
S0451,CS306,5,5
S0451,CS311,5,5
S0451,CS205,5,3
S0452,CS108,1,5
S0452,CS102,1,2
S0452,CS105,1,2
S0452,CS106,1,2
S0452,CS103,2,3
S0452,CS107,2,2
S0452,CS104,2,2
S0452,CS101,3,3
S0452,CS210,3,5
S0452,CS211,3,3
S0452,CS212,4,2
S0452,CS203,4,4
S0452,CS204,4,2
S0452,CS206,4,3
S0452,CS201,5,2
S0452,CS207,5,3
S0452,CS309,5,3
S0452,CS311,5,2
S0452,CS301,6,2
S0452,CS305,6,4
S0452,CS205,6,2
S0452,CS209,6,2
S0453,CS103,1,5
S0453,CS102,1,4
S0453,CS107,1,3
S0453,CS106,1,2
S0453,CS101,1,2
S0453,CS105,2,3
S0453,CS104,2,3
S0453,CS108,2,1
S0453,CS201,3,3
S0453,CS208,3,5
S0453,CS212,3,4
S0453,CS203,3,5
S0453,CS209,4,3
S0453,CS211,4,3
S0453,CS205,4,5
S0453,CS206,4,3
S0454,CS102,1,2
S0454,CS108,1,5
S0454,CS105,1,2
S0454,CS101,1,3
S0454,CS107,1,2
S0454,CS104,2,3
S0454,CS106,2,2
S0454,CS103,2,3
S0454,CS207,3,5
S0454,CS208,3,3
S0454,CS210,3,4
S0454,CS206,3,4
S0454,CS201,4,4
S0454,CS212,4,2
S0454,CS202,4,4
S0454,CS203,5,2
S0454,CS312,5,5
S0454,CS313,5,5
S0454,CS316,5,4
S0454,CS307,5,1
S0454,CS306,6,2
S0454,CS205,6,2
S0454,CS315,6,1
S0455,CS107,1,4
S0455,CS104,1,4
S0455,CS102,1,3
S0455,CS103,1,3
S0455,CS106,2,3
S0455,CS108,2,2
S0455,CS105,2,3
S0455,CS101,2,3
S0455,CS202,3,5
S0455,CS206,3,5
S0455,CS203,3,2
S0455,CS204,4,2
S0455,CS211,4,4
S0455,CS207,4,3
S0455,CS210,4,2
S0455,CS209,5,3
S0455,CS308,5,4
S0455,CS306,5,5
S0455,CS309,5,2
S0455,CS307,6,5
S0455,CS310,6,3
S0455,CS208,6,3
S0455,CS201,6,1
S0455,CS301,6,4
S0456,CS104,1,4
S0456,CS102,1,5
S0456,CS103,1,5
S0456,CS101,1,2
S0456,CS107,1,4
S0456,CS108,2,2
S0456,CS105,2,3
S0456,CS106,2,2
S0456,CS201,3,2
S0456,CS212,3,4
S0456,CS210,3,1
S0456,CS202,3,3
S0456,CS206,3,4
S0456,CS205,4,4
S0456,CS211,4,4
S0456,CS207,4,3
S0456,CS315,5,4
S0456,CS308,5,4
S0456,CS204,5,3
S0456,CS306,5,4
S0456,CS203,6,1
S0456,CS307,6,3
S0456,CS301,6,3
S0456,CS311,6,2
S0456,CS209,6,1
S0457,CS105,1,1
S0457,CS101,1,3
S0457,CS108,1,1
S0457,CS103,1,4
S0457,CS104,2,2
S0457,CS107,2,3
S0457,CS106,2,2
S0457,CS102,2,2
S0457,CS207,3,5
S0457,CS206,3,3
S0457,CS204,3,2
S0457,CS203,3,3
S0457,CS202,3,2
S0457,CS211,4,4
S0457,CS210,4,1
S0457,CS209,4,2
S0458,CS101,1,3
S0458,CS108,1,3
S0458,CS103,1,2
S0458,CS106,1,4
S0458,CS105,1,4
S0458,CS104,2,2
S0458,CS107,2,2
S0458,CS102,2,1
S0458,CS209,3,5
S0458,CS201,3,3
S0458,CS208,3,4
S0458,CS203,3,4
S0458,CS210,4,2
S0458,CS207,4,2
S0458,CS204,4,5
S0458,CS211,4,1
S0458,CS314,5,4
S0458,CS309,5,5
S0458,CS311,5,5
S0458,CS312,5,2
S0459,CS104,1,3
S0459,CS106,1,4
S0459,CS107,1,4
S0459,CS102,1,3
S0459,CS103,2,5
S0459,CS101,2,5
S0459,CS108,2,3
S0459,CS105,2,2
S0459,CS204,3,4
S0459,CS206,3,3
S0459,CS212,3,3
S0459,CS209,4,4
S0459,CS202,4,2
S0459,CS203,4,3
S0459,CS201,4,2
S0459,CS210,4,2
S0459,CS207,5,4
S0459,CS301,5,4
S0459,CS309,5,5
S0459,CS304,6,5
S0459,CS205,6,4
S0459,CS310,6,5
S0459,CS302,6,4
S0460,CS105,1,4
S0460,CS107,1,3
S0460,CS101,1,4
S0460,CS104,2,3
S0460,CS108,2,3
S0460,CS106,2,1
S0460,CS103,2,3
S0460,CS203,3,5
S0460,CS207,3,3
S0460,CS208,3,5
S0460,CS211,4,3
S0460,CS102,4,3
S0460,CS204,4,3
S0460,CS209,4,3
S0460,CS316,5,5
S0460,CS309,5,2
S0460,CS212,5,2
S0460,CS210,6,3
S0460,CS313,6,2
S0460,CS206,6,4
S0461,CS106,1,5
S0461,CS101,1,5
S0461,CS108,1,1
S0461,CS105,2,2
S0461,CS107,2,2
S0461,CS102,2,2
S0461,CS104,2,4
S0461,CS103,2,2
S0461,CS204,3,5
S0461,CS201,3,5
S0461,CS209,3,4
S0461,CS212,3,2
S0461,CS208,3,3
S0461,CS207,4,4
S0461,CS210,4,2
S0461,CS205,4,2
S0461,CS203,4,2
S0461,CS202,4,3
S0461,CS311,5,5
S0461,CS310,5,5
S0461,CS312,5,2
S0461,CS309,5,5
S0461,CS206,6,3
S0461,CS211,6,2
S0461,CS305,6,3
S0461,CS313,6,2
S0461,CS316,6,3
S0462,CS108,1,2
S0462,CS102,1,3
S0462,CS103,1,3
S0462,CS101,1,4
S0462,CS105,2,3
S0462,CS107,2,4
S0462,CS104,2,2
S0462,CS203,3,4
S0462,CS207,3,5
S0462,CS210,3,2
S0462,CS212,4,2
S0462,CS208,4,3
S0462,CS206,4,3
S0462,CS202,4,1
S0462,CS211,4,2
S0463,CS103,1,5
S0463,CS108,1,5
S0463,CS106,1,4
S0463,CS102,1,3
S0463,CS101,2,5
S0463,CS104,2,3
S0463,CS107,2,3
S0463,CS105,2,1
S0463,CS212,3,4
S0463,CS202,3,2
S0463,CS207,3,1
S0463,CS204,3,5
S0463,CS210,4,4
S0463,CS209,4,5
S0463,CS211,4,4
S0463,CS203,4,3
S0463,CS309,5,3
S0463,CS310,5,5
S0463,CS311,5,5
S0463,CS206,5,3
S0463,CS201,6,4
S0463,CS307,6,3
S0463,CS208,6,2
S0463,CS306,6,3
S0464,CS101,1,3
S0464,CS102,1,2
S0464,CS106,1,4
S0464,CS108,1,1
S0464,CS103,1,2
S0464,CS107,2,2
S0464,CS105,2,1
S0464,CS104,2,2
S0464,CS203,3,3
S0464,CS206,3,3
S0464,CS209,3,4
S0464,CS207,4,4
S0464,CS210,4,2
S0464,CS204,4,4
S0464,CS208,4,2
S0464,CS201,4,4
S0464,CS312,5,2
S0464,CS301,5,5
S0464,CS308,5,2
S0464,CS314,5,2
S0464,CS309,5,4
S0465,CS101,1,4
S0465,CS107,1,4
S0465,CS104,1,5
S0465,CS106,1,5
S0465,CS108,2,1
S0465,CS105,2,3
S0465,CS103,2,3
S0465,CS206,3,4
S0465,CS211,3,5
S0465,CS202,3,4
S0465,CS102,3,2
S0465,CS207,3,2
S0465,CS203,4,3
S0465,CS201,4,2
S0465,CS212,4,3
S0465,CS209,4,4
S0465,CS308,5,4
S0465,CS307,5,4
S0465,CS306,5,5
S0465,CS305,5,2
S0466,CS103,1,5
S0466,CS102,1,3
S0466,CS107,1,2
S0466,CS105,1,3
S0466,CS106,2,2
S0466,CS104,2,4
S0466,CS108,2,4
S0466,CS101,2,2
S0466,CS203,3,4
S0466,CS201,3,2
S0466,CS212,3,4
S0466,CS205,4,5
S0466,CS208,4,5
S0466,CS204,4,2
S0466,CS313,5,3
S0466,CS210,5,4
S0466,CS315,5,5
S0466,CS305,5,3
S0467,CS103,1,5
S0467,CS107,1,5
S0467,CS104,1,5
S0467,CS105,1,3
S0467,CS102,1,5
S0467,CS101,2,3
S0467,CS106,2,2
S0467,CS108,2,3
S0467,CS206,3,5
S0467,CS201,3,2
S0467,CS202,3,4
S0467,CS209,3,2
S0467,CS203,4,3
S0467,CS204,4,3
S0467,CS210,4,1
S0467,CS205,4,5
S0467,CS308,5,5
S0467,CS306,5,4
S0467,CS305,5,3
S0467,CS211,5,5
S0467,CS207,5,1
S0467,CS307,6,3
S0467,CS311,6,2
S0467,CS212,6,4
S0468,CS106,1,2
S0468,CS107,1,3
S0468,CS104,1,2
S0468,CS102,1,3
S0468,CS101,1,3
S0468,CS103,2,2
S0468,CS108,2,2
S0468,CS105,2,1
S0468,CS201,3,5
S0468,CS209,3,4
S0468,CS207,3,5
S0468,CS204,4,4
S0468,CS211,4,4
S0468,CS206,4,3
S0468,CS205,4,3
S0468,CS311,5,4
S0468,CS301,5,5
S0468,CS309,5,4
S0468,CS203,5,3
S0468,CS212,5,4
S0469,CS104,1,3
S0469,CS108,1,5
S0469,CS101,1,4
S0469,CS102,1,2
S0469,CS105,1,3
S0469,CS107,2,3
S0469,CS103,2,3
S0469,CS106,2,3
S0469,CS210,3,5
S0469,CS201,3,3
S0469,CS212,3,3
S0469,CS203,3,2
S0469,CS206,4,4
S0469,CS202,4,4
S0469,CS204,4,3
S0470,CS108,1,5
S0470,CS104,1,4
S0470,CS107,1,2
S0470,CS105,1,2
S0470,CS102,2,2
S0470,CS101,2,3
S0470,CS103,2,2
S0470,CS106,2,2
S0470,CS204,3,3
S0470,CS201,3,2
S0470,CS211,3,3
S0470,CS210,3,4
S0470,CS208,4,2
S0470,CS202,4,1
S0470,CS209,4,2
S0470,CS207,4,2
S0470,CS206,4,3
S0470,CS316,5,3
S0470,CS313,5,2
S0470,CS311,5,3
S0470,CS205,6,2
S0470,CS309,6,3
S0470,CS310,6,2
S0470,CS301,6,4
S0471,CS106,1,1
S0471,CS104,1,2
S0471,CS108,1,2
S0471,CS107,1,3
S0471,CS105,2,2
S0471,CS101,2,3
S0471,CS102,2,2
S0471,CS207,3,5
S0471,CS211,3,3
S0471,CS203,3,2
S0471,CS209,4,3
S0471,CS202,4,2
S0471,CS204,4,2
S0471,CS206,4,2
S0471,CS310,5,3
S0471,CS208,5,2
S0471,CS307,5,3
S0471,CS311,5,4
S0471,CS309,6,3
S0471,CS212,6,2
S0471,CS316,6,4
S0471,CS306,6,2
S0471,CS308,6,4
S0472,CS108,1,5
S0472,CS107,1,4
S0472,CS105,1,2
S0472,CS106,1,4
S0472,CS101,2,5
S0472,CS104,2,5
S0472,CS103,2,3
S0472,CS102,2,2
S0472,CS210,3,4
S0472,CS211,3,3
S0472,CS206,3,4
S0472,CS204,4,5
S0472,CS207,4,5
S0472,CS212,4,2
S0472,CS201,4,4
S0472,CS311,5,5
S0472,CS308,5,4
S0472,CS309,5,4
S0472,CS209,5,5
S0472,CS203,6,3
S0472,CS301,6,5
S0472,CS202,6,3
S0472,CS205,6,4
S0473,CS107,1,3
S0473,CS102,1,2
S0473,CS106,1,3
S0473,CS101,1,5
S0473,CS103,2,3
S0473,CS108,2,3
S0473,CS105,2,2
S0473,CS104,2,3
S0473,CS209,3,4
S0473,CS201,3,3
S0473,CS211,3,4
S0473,CS202,4,3
S0473,CS212,4,4
S0473,CS205,4,2
S0473,CS204,4,5
S0473,CS309,5,4
S0473,CS311,5,5
S0473,CS206,5,4
S0473,CS310,5,4
S0473,CS208,5,3
S0474,CS104,1,4
S0474,CS101,1,4
S0474,CS106,1,3
S0474,CS105,1,3
S0474,CS108,2,2
S0474,CS103,2,2
S0474,CS107,2,3
S0474,CS102,2,1
S0474,CS209,3,4
S0474,CS211,3,5
S0474,CS202,3,2
S0474,CS207,4,5
S0474,CS201,4,3
S0474,CS203,4,3
S0474,CS204,4,3
S0475,CS104,1,5
S0475,CS107,1,5
S0475,CS108,1,4
S0475,CS105,1,3
S0475,CS106,2,2
S0475,CS103,2,3
S0475,CS102,2,2
S0475,CS101,2,2
S0475,CS202,3,5
S0475,CS209,3,3
S0475,CS211,3,5
S0475,CS206,4,5
S0475,CS207,4,5
S0475,CS208,4,3
S0475,CS210,4,3
S0475,CS203,4,3
S0476,CS107,1,4
S0476,CS104,1,3
S0476,CS102,1,2
S0476,CS108,2,3
S0476,CS106,2,2
S0476,CS101,2,2
S0476,CS207,3,5
S0476,CS206,3,4
S0476,CS210,3,2
S0476,CS204,3,3
S0476,CS211,3,4
S0476,CS103,4,3
S0476,CS105,4,1
S0476,CS201,4,1
S0477,CS106,1,4
S0477,CS101,1,4
S0477,CS108,1,2
S0477,CS102,1,3
S0477,CS104,2,3
S0477,CS105,2,2
S0477,CS107,2,4
S0477,CS103,2,2
S0477,CS211,3,3
S0477,CS209,3,5
S0477,CS204,3,5
S0477,CS201,3,5
S0477,CS206,4,4
S0477,CS202,4,3
S0477,CS212,4,1
S0477,CS207,4,3
S0478,CS105,1,4
S0478,CS103,1,3
S0478,CS101,1,4
S0478,CS108,1,3
S0478,CS107,2,3
S0478,CS106,2,4
S0478,CS104,2,2
S0478,CS102,2,2
S0478,CS208,3,5
S0478,CS203,3,5
S0478,CS209,3,4
S0478,CS204,3,4
S0478,CS201,4,4
S0478,CS210,4,2
S0478,CS207,4,2
S0478,CS211,4,2
S0478,CS202,4,3
S0478,CS313,5,3
S0478,CS314,5,3
S0478,CS310,5,5
S0478,CS309,5,3
S0478,CS316,5,5
S0479,CS103,1,3
S0479,CS105,1,1
S0479,CS108,1,4
S0479,CS101,2,2
S0479,CS102,2,2
S0479,CS107,2,3
S0479,CS104,2,3
S0479,CS211,3,1
S0479,CS207,3,5
S0479,CS204,3,2
S0479,CS206,3,3
S0479,CS212,4,3
S0479,CS202,4,1
S0479,CS106,4,2
S0479,CS203,4,3
S0480,CS104,1,5
S0480,CS103,1,5
S0480,CS107,1,5
S0480,CS102,1,3
S0480,CS108,1,4
S0480,CS101,2,3
S0480,CS106,2,2
S0480,CS105,2,2
S0480,CS211,3,4
S0480,CS203,3,4
S0480,CS207,3,3
S0480,CS206,3,5
S0480,CS202,4,5
S0480,CS212,4,4
S0480,CS208,4,3
S0480,CS204,4,2
S0480,CS311,5,4
S0480,CS308,5,5
S0480,CS306,5,5
S0481,CS105,1,5
S0481,CS107,1,3
S0481,CS103,1,3
S0481,CS106,1,2
S0481,CS102,2,2
S0481,CS101,2,2
S0481,CS104,2,3
S0481,CS203,3,5
S0481,CS208,3,5
S0481,CS201,3,3
S0481,CS210,3,2
S0481,CS211,4,3
S0481,CS204,4,2
S0481,CS205,4,3
S0481,CS309,5,2
S0481,CS305,5,5
S0481,CS316,5,5
S0481,CS207,5,2
S0482,CS107,1,5
S0482,CS106,1,4
S0482,CS104,1,5
S0482,CS108,1,3
S0482,CS102,2,3
S0482,CS101,2,5
S0482,CS103,2,4
S0482,CS105,2,2
S0482,CS211,3,5
S0482,CS206,3,5
S0482,CS202,3,4
S0482,CS208,3,2
S0482,CS212,4,1
S0482,CS207,4,4
S0482,CS201,4,5
S0482,CS204,4,5
S0482,CS311,5,5
S0482,CS203,5,2
S0482,CS307,5,5
S0482,CS309,6,3
S0482,CS316,6,4
S0482,CS308,6,5
S0482,CS209,6,4
S0482,CS306,6,5
S0483,CS107,1,3
S0483,CS102,1,1
S0483,CS106,1,1
S0483,CS103,1,2
S0483,CS101,2,2
S0483,CS105,2,1
S0483,CS108,2,2
S0483,CS104,2,2
S0483,CS207,3,5
S0483,CS206,3,3
S0483,CS201,3,2
S0483,CS210,3,2
S0483,CS209,4,3
S0483,CS204,4,4
S0483,CS203,4,2
S0483,CS208,4,2
S0483,CS211,4,3
S0483,CS308,5,3
S0483,CS301,5,3
S0483,CS316,5,3
S0483,CS212,5,2
S0484,CS106,1,4
S0484,CS105,1,3
S0484,CS101,1,3
S0484,CS108,1,4
S0484,CS104,2,4
S0484,CS103,2,3
S0484,CS107,2,2
S0484,CS206,3,4
S0484,CS207,3,2
S0484,CS202,3,3
S0484,CS209,3,3
S0484,CS203,4,4
S0484,CS201,4,4
S0484,CS204,4,3
S0485,CS103,1,4
S0485,CS108,1,4
S0485,CS107,1,1
S0485,CS105,1,2
S0485,CS106,2,3
S0485,CS104,2,3
S0485,CS102,2,3
S0485,CS101,3,4
S0485,CS208,3,2
S0485,CS210,3,2
S0485,CS212,3,4
S0485,CS209,4,2
S0485,CS207,4,5
S0485,CS206,4,3
S0485,CS316,5,4
S0485,CS301,5,5
S0485,CS203,5,3
S0486,CS104,1,5
S0486,CS107,1,5
S0486,CS103,1,4
S0486,CS102,2,3
S0486,CS105,2,1
S0486,CS101,2,5
S0486,CS211,3,5
S0486,CS201,3,4
S0486,CS204,3,4
S0486,CS206,3,5
S0486,CS205,4,2
S0486,CS202,4,5
S0486,CS207,4,5
S0487,CS108,1,4
S0487,CS104,1,2
S0487,CS103,1,4
S0487,CS101,1,2
S0487,CS107,1,3
S0487,CS105,2,2
S0487,CS106,2,3
S0487,CS102,2,2
S0487,CS210,3,5
S0487,CS204,3,3
S0487,CS202,3,2
S0487,CS207,4,2
S0487,CS211,4,2
S0487,CS203,4,3
S0487,CS208,5,2
S0487,CS311,5,3
S0487,CS209,5,3
S0487,CS309,5,4
S0487,CS313,6,5
S0487,CS316,6,3
S0487,CS312,6,4
S0487,CS201,6,2
S0487,CS310,6,3
S0488,CS108,1,3
S0488,CS104,1,3
S0488,CS105,1,1
S0488,CS106,1,3
S0488,CS101,1,5
S0488,CS107,2,2
S0488,CS102,2,2
S0488,CS103,2,2
S0488,CS204,3,4
S0488,CS207,3,2
S0488,CS210,3,4
S0488,CS201,3,4
S0488,CS202,3,3
S0488,CS206,4,3
S0488,CS209,4,2
S0488,CS203,4,1
S0488,CS211,4,3
S0488,CS212,4,2
S0488,CS311,5,3
S0488,CS306,5,2
S0488,CS308,5,4
S0488,CS307,6,1
S0488,CS309,6,5
S0488,CS310,6,4
S0488,CS205,6,3
S0489,CS104,1,3
S0489,CS102,1,2
S0489,CS105,1,4
S0489,CS107,1,5
S0489,CS101,2,4
S0489,CS103,2,3
S0489,CS108,2,3
S0489,CS106,2,1
S0489,CS211,3,5
S0489,CS208,3,4
S0489,CS207,3,3
S0489,CS203,4,5
S0489,CS212,4,2
S0489,CS204,4,4
S0489,CS202,4,3
S0489,CS316,5,5
S0489,CS313,5,4
S0489,CS206,5,5
S0489,CS210,5,1
S0490,CS104,1,3
S0490,CS105,1,3
S0490,CS106,1,3
S0490,CS103,1,4
S0490,CS108,1,4
S0490,CS102,2,5
S0490,CS107,2,2
S0490,CS101,2,3
S0490,CS204,3,4
S0490,CS209,3,3
S0490,CS210,3,3
S0490,CS211,3,4
S0490,CS201,4,3
S0490,CS207,4,3
S0490,CS212,4,3
S0490,CS202,4,3
S0490,CS315,5,4
S0490,CS205,5,4
S0490,CS311,5,4
S0490,CS206,5,5
S0491,CS101,1,2
S0491,CS108,1,2
S0491,CS104,1,4
S0491,CS107,1,4
S0491,CS103,1,3
S0491,CS106,2,3
S0491,CS102,2,1
S0491,CS105,2,2
S0491,CS207,3,5
S0491,CS201,3,1
S0491,CS206,3,4
S0491,CS211,3,5
S0491,CS202,4,3
S0491,CS209,4,2
S0491,CS203,4,2
S0491,CS210,4,1
S0492,CS104,1,5
S0492,CS108,1,4
S0492,CS102,1,4
S0492,CS103,1,5
S0492,CS107,1,5
S0492,CS105,2,4
S0492,CS101,2,2
S0492,CS106,2,2
S0492,CS201,3,3
S0492,CS206,3,5
S0492,CS202,3,4
S0492,CS210,4,4
S0492,CS208,4,5
S0492,CS203,4,5
S0492,CS205,4,4
S0492,CS212,5,4
S0492,CS306,5,5
S0492,CS314,5,3
S0492,CS305,5,5
S0493,CS107,1,2
S0493,CS108,1,3
S0493,CS106,1,3
S0493,CS104,1,3
S0493,CS101,2,3
S0493,CS103,2,4
S0493,CS102,2,3
S0493,CS207,3,5
S0493,CS209,3,4
S0493,CS206,3,3
S0493,CS204,3,3
S0493,CS212,4,2
S0493,CS211,4,3
S0493,CS202,4,3
S0493,CS201,4,2
S0493,CS301,5,5
S0493,CS311,5,4
S0493,CS205,5,2
S0493,CS307,5,1
S0493,CS304,6,4
S0493,CS303,6,4
S0493,CS310,6,4
S0493,CS302,6,4
S0494,CS101,1,5
S0494,CS106,1,5
S0494,CS102,1,3
S0494,CS107,1,3
S0494,CS103,2,2
S0494,CS105,2,2
S0494,CS104,2,3
S0494,CS108,2,4
S0494,CS209,3,5
S0494,CS201,3,5
S0494,CS202,3,1
S0494,CS204,4,4
S0494,CS207,4,4
S0494,CS210,4,3
S0494,CS205,4,3
S0494,CS309,5,4
S0494,CS211,5,3
S0494,CS310,5,5
S0494,CS208,5,2
S0494,CS311,5,5
S0494,CS312,6,4
S0494,CS316,6,4
S0494,CS314,6,2
S0494,CS212,6,2
S0495,CS106,1,3
S0495,CS105,1,2
S0495,CS101,1,5
S0495,CS108,1,1
S0495,CS104,2,3
S0495,CS107,2,3
S0495,CS102,2,1
S0495,CS201,3,5
S0495,CS206,3,4
S0495,CS211,3,3
S0495,CS207,3,3
S0495,CS204,4,5
S0495,CS103,4,2
S0495,CS209,4,4
S0495,CS202,4,3
S0495,CS205,5,1
S0495,CS306,5,5
S0495,CS311,5,5
S0495,CS309,5,5
S0495,CS308,5,4
S0495,CS307,6,4
S0495,CS301,6,4
S0495,CS310,6,5
S0495,CS203,6,1
S0495,CS210,6,1
S0496,CS108,1,5
S0496,CS106,1,3
S0496,CS107,1,2
S0496,CS104,1,2
S0496,CS101,1,3
S0496,CS105,2,1
S0496,CS103,2,2
S0496,CS102,2,2
S0496,CS207,3,4
S0496,CS201,3,2
S0496,CS204,3,4
S0496,CS209,3,5
S0496,CS210,4,3
S0496,CS205,4,2
S0496,CS203,4,3
S0496,CS211,4,3
S0496,CS206,5,3
S0496,CS309,5,4
S0496,CS311,5,4
S0496,CS208,5,2
S0496,CS308,6,3
S0496,CS301,6,4
S0496,CS313,6,3
S0496,CS212,6,1
S0496,CS312,6,3
S0497,CS104,1,5
S0497,CS107,1,4
S0497,CS108,1,4
S0497,CS102,1,3
S0497,CS103,2,2
S0497,CS106,2,3
S0497,CS101,2,3
S0497,CS105,2,2
S0497,CS211,3,5
S0497,CS202,3,4
S0497,CS206,3,5
S0497,CS207,3,3
S0497,CS210,4,2
S0497,CS203,4,3
S0497,CS204,4,3
S0497,CS212,4,3
S0497,CS209,4,2
S0497,CS306,5,5
S0497,CS308,5,5
S0497,CS201,5,2
S0497,CS307,5,5
S0497,CS309,6,1
S0497,CS310,6,2
S0497,CS305,6,3
S0497,CS205,6,2
S0497,CS315,6,1
S0498,CS106,1,4
S0498,CS101,1,5
S0498,CS102,1,4
S0498,CS103,2,4
S0498,CS108,2,3
S0498,CS107,2,3
S0498,CS104,2,3
S0498,CS105,2,2
S0498,CS206,3,3
S0498,CS209,3,5
S0498,CS210,3,3
S0498,CS204,3,5
S0498,CS201,4,5
S0498,CS211,4,2
S0498,CS202,4,3
S0498,CS207,4,2
S0498,CS212,4,3
S0498,CS311,5,5
S0498,CS310,5,5
S0498,CS308,5,4
S0498,CS309,5,5
S0498,CS315,6,3
S0498,CS307,6,3
S0498,CS205,6,4
S0498,CS203,6,3
S0499,CS104,1,4
S0499,CS101,1,4
S0499,CS107,1,3
S0499,CS105,2,2
S0499,CS103,2,3
S0499,CS106,2,2
S0499,CS102,2,2
S0499,CS207,3,5
S0499,CS204,3,4
S0499,CS201,3,4
S0499,CS211,3,2
S0499,CS206,4,4
S0499,CS108,4,3
S0499,CS202,4,3
S0499,CS209,4,4
S0499,CS301,5,4
S0499,CS309,5,5
S0499,CS308,5,4
S0499,CS306,5,3
S0499,CS310,5,4
S0499,CS304,6,4
S0499,CS303,6,5
S0499,CS302,6,4
S0499,CS311,6,5
S0500,CS105,1,4
S0500,CS106,1,1
S0500,CS108,1,4
S0500,CS103,1,4
S0500,CS107,2,3
S0500,CS102,2,3
S0500,CS101,2,1
S0500,CS104,2,2
S0500,CS203,3,5
S0500,CS206,3,4
S0500,CS212,3,3
S0500,CS208,3,4
S0500,CS202,4,1
S0500,CS210,4,2
S0500,CS207,4,2
S0500,CS316,5,5
S0500,CS312,5,3
S0500,CS301,5,2
S0500,CS307,5,1
S0500,CS313,6,3
S0500,CS308,6,2
S0500,CS306,6,1
S0500,CS201,6,2
S0500,CS303,6,2
S0501,CS101,1,3
S0501,CS103,1,2
S0501,CS105,1,5
S0501,CS106,1,3
S0501,CS102,2,1
S0501,CS104,2,3
S0501,CS107,2,2
S0501,CS108,2,3
S0501,CS203,3,5
S0501,CS206,3,3
S0501,CS204,3,2
S0501,CS207,3,3
S0501,CS201,4,3
S0501,CS208,4,5
S0501,CS202,4,2
S0501,CS316,5,5
S0501,CS309,5,2
S0501,CS212,5,3
S0501,CS305,6,4
S0501,CS210,6,2
S0501,CS308,6,3
S0501,CS205,6,1
S0502,CS104,1,5
S0502,CS108,1,5
S0502,CS103,1,3
S0502,CS107,1,5
S0502,CS101,2,4
S0502,CS102,2,2
S0502,CS106,2,3
S0502,CS105,2,1
S0502,CS206,3,5
S0502,CS210,3,5
S0502,CS211,3,5
S0502,CS202,3,4
S0502,CS201,4,4
S0502,CS207,4,3
S0502,CS204,4,3
S0502,CS209,4,3
S0502,CS307,5,5
S0502,CS306,5,5
S0502,CS308,5,5
S0502,CS309,5,3
S0503,CS108,1,3
S0503,CS106,1,3
S0503,CS103,1,3
S0503,CS101,1,5
S0503,CS105,2,3
S0503,CS104,2,2
S0503,CS107,2,3
S0503,CS102,2,1
S0503,CS204,3,5
S0503,CS208,3,3
S0503,CS209,3,5
S0503,CS201,3,5
S0503,CS207,3,3
S0503,CS206,4,3
S0503,CS210,4,1
S0503,CS203,4,3
S0503,CS212,4,2
S0503,CS205,4,1
S0503,CS309,5,5
S0503,CS311,5,5
S0503,CS314,5,2
S0504,CS101,1,4
S0504,CS106,1,4
S0504,CS103,1,2
S0504,CS104,1,5
S0504,CS107,2,5
S0504,CS102,2,1
S0504,CS108,2,2
S0504,CS105,2,1
S0504,CS206,3,4
S0504,CS209,3,4
S0504,CS201,3,3
S0504,CS202,4,5
S0504,CS203,4,2
S0504,CS204,4,4
S0505,CS103,1,5
S0505,CS107,1,5
S0505,CS104,1,5
S0505,CS102,1,4
S0505,CS101,2,1
S0505,CS106,2,2
S0505,CS108,2,2
S0505,CS105,2,1
S0505,CS201,3,3
S0505,CS206,3,4
S0505,CS211,3,5
S0505,CS207,3,3
S0505,CS202,4,4
S0505,CS205,4,5
S0505,CS212,4,5
S0505,CS308,5,4
S0505,CS210,5,2
S0505,CS301,5,3
S0505,CS204,5,4
S0505,CS315,6,5
S0505,CS307,6,4
S0505,CS306,6,4
S0506,CS102,1,4
S0506,CS103,1,5
S0506,CS104,1,2
S0506,CS105,1,3
S0506,CS107,1,3
S0506,CS108,2,4
S0506,CS101,2,3
S0506,CS106,2,1
S0506,CS210,3,2
S0506,CS203,3,4
S0506,CS208,3,4
S0506,CS212,3,5
S0506,CS207,4,4
S0506,CS209,4,2
S0506,CS201,4,2
S0506,CS211,4,2
S0506,CS314,5,3
S0506,CS315,5,4
S0506,CS205,5,5
S0506,CS316,5,5
S0507,CS107,1,4
S0507,CS105,1,5
S0507,CS104,1,3
S0507,CS101,2,3
S0507,CS106,2,4
S0507,CS103,2,2
S0507,CS108,2,3
S0507,CS203,3,3
S0507,CS211,3,3
S0507,CS208,3,4
S0507,CS201,4,3
S0507,CS207,4,4
S0507,CS206,4,4
S0508,CS104,1,5
S0508,CS107,1,4
S0508,CS106,1,3
S0508,CS101,1,4
S0508,CS102,2,3
S0508,CS103,2,4
S0508,CS108,2,5
S0508,CS206,3,5
S0508,CS212,3,4
S0508,CS202,3,3
S0508,CS211,3,5
S0508,CS207,4,3
S0508,CS210,4,4
S0508,CS201,4,4
S0508,CS307,5,4
S0508,CS204,5,3
S0508,CS301,5,4
S0508,CS306,5,3
S0509,CS105,1,3
S0509,CS102,1,4
S0509,CS106,1,2
S0509,CS103,1,5
S0509,CS108,1,4
S0509,CS101,2,3
S0509,CS107,2,2
S0509,CS104,2,2
S0509,CS212,3,4
S0509,CS204,3,3
S0509,CS208,3,5
S0509,CS201,4,3
S0509,CS203,4,5
S0509,CS206,4,2
S0509,CS202,4,3
S0509,CS209,4,4
S0509,CS309,5,3
S0509,CS210,5,3
S0509,CS316,5,5
S0509,CS308,5,3
S0510,CS102,1,2
S0510,CS107,1,4
S0510,CS108,1,5
S0510,CS104,1,5
S0510,CS106,2,3
S0510,CS103,2,4
S0510,CS105,2,2
S0510,CS101,2,2
S0510,CS203,3,3
S0510,CS210,3,5
S0510,CS206,3,4
S0510,CS202,3,3
S0510,CS209,3,2
S0510,CS204,4,3
S0510,CS208,4,3
S0510,CS211,4,5
S0511,CS102,1,3
S0511,CS106,1,2
S0511,CS107,1,2
S0511,CS108,2,2
S0511,CS104,2,5
S0511,CS103,2,4
S0511,CS105,2,2
S0511,CS211,3,4
S0511,CS210,3,2
S0511,CS203,3,3
S0511,CS212,3,3
S0511,CS209,4,3
S0511,CS101,4,3
S0511,CS208,4,3
S0511,CS206,5,4
S0511,CS207,5,4
S0511,CS204,5,4
S0511,CS301,6,4
S0511,CS308,6,3
S0511,CS309,6,2
S0512,CS108,1,4
S0512,CS101,1,4
S0512,CS106,1,4
S0512,CS107,1,4
S0512,CS103,2,3
S0512,CS105,2,3
S0512,CS104,2,3
S0512,CS102,2,2
S0512,CS201,3,4
S0512,CS210,3,4
S0512,CS209,3,5
S0512,CS204,3,4
S0512,CS208,4,4
S0512,CS211,4,3
S0512,CS203,4,3
S0512,CS311,5,5
S0512,CS309,5,4
S0512,CS206,5,3
S0512,CS212,5,2
S0512,CS207,5,3
S0512,CS308,6,2
S0512,CS312,6,4
S0512,CS205,6,3
S0513,CS107,1,4
S0513,CS108,1,4
S0513,CS104,1,5
S0513,CS103,1,4
S0513,CS106,1,2
S0513,CS105,2,4
S0513,CS102,2,4
S0513,CS101,2,3
S0513,CS207,3,5
S0513,CS209,3,3
S0513,CS211,3,3
S0513,CS202,3,4
S0513,CS208,3,4
S0513,CS206,4,4
S0513,CS203,4,4
S0513,CS201,4,3
S0513,CS204,4,4
S0513,CS307,5,3
S0513,CS301,5,3
S0513,CS313,5,3
S0513,CS306,5,4
S0513,CS316,5,5
S0514,CS107,1,4
S0514,CS104,1,4
S0514,CS108,1,4
S0514,CS103,1,3
S0514,CS105,2,2
S0514,CS102,2,1
S0514,CS101,2,3
S0514,CS106,2,2
S0514,CS207,3,4
S0514,CS206,3,3
S0514,CS209,3,4
S0514,CS212,3,3
S0514,CS201,3,2
S0514,CS202,4,2
S0514,CS205,4,3
S0514,CS211,4,3
S0514,CS310,5,1
S0514,CS301,5,4
S0514,CS210,5,3
S0514,CS308,5,4
S0514,CS306,5,3
S0515,CS104,1,5
S0515,CS107,1,5
S0515,CS108,1,2
S0515,CS102,2,2
S0515,CS103,2,4
S0515,CS105,2,2
S0515,CS101,2,3
S0515,CS202,3,4
S0515,CS211,3,5
S0515,CS206,3,5
S0515,CS201,3,3
S0515,CS203,4,1
S0515,CS207,4,5
S0515,CS212,4,2
S0515,CS204,4,4
S0515,CS210,4,2
S0515,CS305,5,2
S0515,CS308,5,5
S0515,CS307,5,5
S0515,CS306,6,5
S0515,CS301,6,4
S0515,CS309,6,4
S0515,CS205,6,2
S0516,CS108,1,5
S0516,CS105,1,2
S0516,CS102,1,2
S0516,CS104,1,4
S0516,CS101,1,3
S0516,CS107,2,2
S0516,CS106,2,3
S0516,CS103,2,2
S0516,CS210,3,4
S0516,CS206,3,2
S0516,CS203,3,3
S0516,CS209,3,3
S0516,CS201,4,4
S0516,CS212,4,2
S0516,CS211,4,2
S0516,CS204,4,3
S0517,CS103,1,4
S0517,CS106,1,4
S0517,CS101,1,4
S0517,CS104,1,2
S0517,CS108,2,3
S0517,CS105,2,2
S0517,CS102,2,2
S0517,CS107,2,2
S0517,CS201,3,5
S0517,CS210,3,2
S0517,CS209,3,5
S0517,CS202,3,2
S0517,CS204,4,4
S0517,CS207,4,2
S0517,CS205,4,3
S0517,CS310,5,5
S0517,CS311,5,5
S0517,CS309,5,5
S0517,CS203,5,4
S0517,CS211,5,3
S0518,CS107,1,3
S0518,CS108,1,5
S0518,CS104,1,3
S0518,CS105,1,4
S0518,CS103,1,3
S0518,CS106,2,1
S0518,CS102,2,3
S0518,CS101,2,3
S0518,CS208,3,4
S0518,CS209,3,3
S0518,CS203,3,5
S0518,CS204,3,2
S0518,CS207,4,2
S0518,CS210,4,4
S0518,CS202,4,1
S0518,CS313,5,5
S0518,CS316,5,4
S0518,CS312,5,5
S0518,CS310,5,3
S0518,CS211,5,2
S0518,CS201,6,3
S0518,CS311,6,3
S0518,CS309,6,2
S0519,CS106,1,3
S0519,CS102,1,3
S0519,CS107,1,2
S0519,CS105,1,4
S0519,CS101,2,5
S0519,CS104,2,3
S0519,CS108,2,3
S0519,CS209,3,4
S0519,CS204,3,4
S0519,CS203,3,4
S0519,CS208,4,4
S0519,CS201,4,3
S0519,CS206,4,3
S0519,CS207,4,3
S0519,CS103,4,4
S0520,CS104,1,5
S0520,CS108,1,2
S0520,CS107,1,5
S0520,CS105,2,1
S0520,CS103,2,2
S0520,CS101,2,3
S0520,CS207,3,4
S0520,CS208,3,2
S0520,CS204,3,3
S0520,CS206,4,5
S0520,CS211,4,4
S0520,CS203,4,2
S0520,CS202,4,5
S0520,CS307,5,3
S0520,CS308,5,5
S0520,CS311,5,3
S0520,CS306,5,4
S0520,CS106,6,1
S0520,CS301,6,3
S0520,CS309,6,2
S0521,CS106,1,4
S0521,CS103,1,2
S0521,CS105,1,3
S0521,CS101,1,4
S0521,CS104,2,2
S0521,CS108,2,2
S0521,CS107,2,4
S0521,CS209,3,4
S0521,CS204,3,5
S0521,CS203,3,4
S0521,CS201,3,5
S0521,CS208,4,4
S0521,CS207,4,2
S0521,CS206,4,4
S0521,CS211,4,2
S0521,CS102,4,2
S0521,CS311,5,5
S0521,CS309,5,3
S0521,CS212,5,3
S0521,CS316,5,5
S0521,CS202,5,3
S0521,CS310,6,5
S0521,CS313,6,3
S0521,CS305,6,3
S0522,CS103,1,3
S0522,CS105,1,3
S0522,CS104,1,3
S0522,CS108,1,2
S0522,CS107,2,3
S0522,CS106,2,1
S0522,CS102,2,3
S0522,CS101,2,3
S0522,CS212,3,2
S0522,CS203,3,4
S0522,CS211,3,2
S0522,CS207,3,5
S0522,CS201,4,3
S0522,CS208,4,3
S0522,CS202,4,3
S0522,CS210,4,1
S0522,CS209,4,2
S0522,CS316,5,2
S0522,CS305,5,3
S0522,CS205,5,3
S0522,CS206,5,3
S0522,CS313,5,4
S0522,CS301,6,4
S0522,CS204,6,2
S0522,CS307,6,3
S0523,CS106,1,3
S0523,CS101,1,4
S0523,CS103,1,3
S0523,CS104,1,4
S0523,CS108,2,2
S0523,CS107,2,3
S0523,CS102,2,3
S0523,CS105,2,2
S0523,CS207,3,5
S0523,CS204,3,5
S0523,CS209,3,5
S0523,CS202,4,4
S0523,CS201,4,5
S0523,CS211,4,3
S0523,CS206,4,4
S0523,CS203,4,2
S0523,CS311,5,5
S0523,CS310,5,4
S0523,CS309,5,5
S0523,CS306,5,3
S0524,CS104,1,5
S0524,CS102,1,2
S0524,CS107,1,5
S0524,CS108,2,2
S0524,CS103,2,4
S0524,CS105,2,4
S0524,CS101,2,2
S0524,CS206,3,5
S0524,CS203,3,3
S0524,CS208,3,3
S0524,CS202,3,4
S0524,CS212,3,4
S0524,CS211,4,5
S0524,CS207,4,3
S0524,CS204,4,3
S0524,CS210,4,3
S0524,CS308,5,5
S0524,CS306,5,5
S0524,CS307,5,5
S0524,CS316,5,4
S0525,CS104,1,5
S0525,CS107,1,5
S0525,CS101,1,3
S0525,CS106,2,3
S0525,CS105,2,2
S0525,CS103,2,3
S0525,CS102,2,2
S0525,CS202,3,4
S0525,CS206,3,5
S0525,CS211,3,5
S0525,CS207,3,4
S0525,CS204,4,4
S0525,CS208,4,2
S0525,CS209,4,2
S0525,CS201,4,3
S0525,CS203,4,3
S0525,CS308,5,5
S0525,CS309,5,3
S0525,CS316,5,3
S0525,CS307,5,4
S0526,CS108,1,5
S0526,CS107,1,2
S0526,CS105,1,3
S0526,CS103,1,4
S0526,CS101,2,3
S0526,CS106,2,3
S0526,CS102,2,3
S0526,CS104,2,2
S0526,CS210,3,4
S0526,CS209,3,2
S0526,CS202,3,2
S0526,CS204,4,2
S0526,CS207,4,3
S0526,CS212,4,4
S0526,CS310,5,4
S0526,CS309,5,4
S0526,CS203,5,3
S0526,CS211,5,2
S0526,CS311,6,3
S0526,CS206,6,3
S0526,CS201,6,3
S0526,CS208,6,3
S0527,CS102,1,2
S0527,CS103,1,3
S0527,CS106,1,1
S0527,CS101,1,3
S0527,CS104,2,3
S0527,CS107,2,2
S0527,CS108,2,1
S0527,CS105,2,2
S0527,CS207,3,5
S0527,CS204,3,3
S0527,CS201,3,3
S0527,CS212,3,1
S0527,CS202,4,1
S0527,CS211,4,2
S0527,CS203,4,3
S0527,CS208,4,3
S0527,CS311,5,2
S0527,CS305,5,2
S0527,CS316,5,2
S0527,CS309,5,2
S0527,CS205,6,3
S0527,CS206,6,3
S0527,CS315,6,3
S0527,CS313,6,1
S0528,CS105,1,3
S0528,CS101,1,3
S0528,CS104,1,2
S0528,CS108,1,3
S0528,CS103,1,3
S0528,CS102,2,4
S0528,CS107,2,2
S0528,CS106,2,3
S0528,CS208,3,4
S0528,CS203,3,5
S0528,CS201,3,2
S0528,CS212,3,4
S0528,CS204,4,2
S0528,CS205,4,3
S0528,CS211,4,4
S0528,CS206,4,3
S0528,CS305,5,4
S0528,CS210,5,3
S0528,CS316,5,4
S0528,CS311,6,2
S0528,CS309,6,2
S0528,CS312,6,2
S0528,CS314,6,3
S0529,CS108,1,5
S0529,CS103,1,2
S0529,CS107,1,3
S0529,CS102,1,1
S0529,CS101,2,3
S0529,CS104,2,2
S0529,CS105,2,3
S0529,CS106,2,1
S0529,CS212,3,1
S0529,CS210,3,5
S0529,CS203,3,3
S0529,CS206,3,5
S0529,CS202,4,4
S0529,CS201,4,3
S0529,CS211,4,5
S0529,CS207,4,2
S0530,CS103,1,2
S0530,CS104,1,5
S0530,CS106,1,1
S0530,CS107,1,5
S0530,CS101,2,3
S0530,CS108,2,2
S0530,CS102,2,3
S0530,CS105,2,3
S0530,CS202,3,5
S0530,CS207,3,4
S0530,CS211,3,4
S0530,CS206,4,4
S0530,CS204,4,2
S0530,CS209,4,3
S0531,CS104,1,4
S0531,CS102,1,3
S0531,CS103,1,4
S0531,CS101,1,2
S0531,CS108,2,2
S0531,CS107,2,2
S0531,CS105,2,2
S0531,CS106,2,1
S0531,CS207,3,4
S0531,CS203,3,4
S0531,CS206,3,4
S0531,CS212,3,3
S0531,CS210,4,1
S0531,CS209,4,2
S0531,CS201,4,4
S0531,CS301,5,5
S0531,CS211,5,3
S0531,CS205,5,4
S0531,CS308,5,4
S0532,CS107,1,5
S0532,CS105,1,2
S0532,CS101,1,4
S0532,CS108,1,1
S0532,CS106,2,3
S0532,CS104,2,4
S0532,CS103,2,3
S0532,CS206,3,5
S0532,CS209,3,5
S0532,CS208,3,3
S0532,CS204,3,5
S0532,CS102,4,4
S0532,CS211,4,5
S0532,CS201,4,5
S0532,CS207,4,2
S0532,CS203,4,3
S0533,CS105,1,2
S0533,CS101,1,2
S0533,CS107,1,3
S0533,CS102,2,4
S0533,CS103,2,4
S0533,CS104,2,4
S0533,CS106,2,1
S0533,CS207,3,3
S0533,CS212,3,3
S0533,CS211,3,3
S0533,CS108,3,2
S0533,CS210,3,3
S0533,CS208,4,2
S0533,CS209,4,3
S0533,CS203,4,3
S0533,CS206,5,4
S0533,CS202,5,2
S0533,CS312,5,2
S0534,CS106,1,2
S0534,CS102,1,2
S0534,CS104,1,2
S0534,CS108,1,4
S0534,CS105,2,3
S0534,CS107,2,3
S0534,CS101,2,3
S0534,CS103,2,2
S0534,CS210,3,5
S0534,CS201,3,4
S0534,CS204,3,2
S0534,CS206,3,3
S0534,CS202,4,3
S0534,CS212,4,2
S0534,CS205,4,2
S0534,CS211,4,5
S0534,CS207,5,2
S0534,CS306,5,3
S0534,CS308,5,3
S0534,CS209,5,3
S0535,CS107,1,5
S0535,CS104,1,5
S0535,CS101,1,4
S0535,CS106,2,5
S0535,CS102,2,2
S0535,CS105,2,2
S0535,CS103,2,3
S0535,CS207,3,5
S0535,CS201,3,4
S0535,CS206,3,5
S0535,CS204,3,4
S0535,CS209,4,5
S0535,CS202,4,3
S0535,CS208,4,2
S0535,CS211,4,4
S0535,CS309,5,5
S0535,CS310,5,4
S0535,CS311,5,5
S0536,CS108,1,3
S0536,CS101,1,3
S0536,CS106,1,4
S0536,CS104,2,2
S0536,CS107,2,3
S0536,CS103,2,3
S0536,CS102,2,4
S0536,CS105,2,3
S0536,CS210,3,3
S0536,CS207,3,5
S0536,CS201,3,4
S0536,CS204,3,4
S0536,CS206,4,4
S0536,CS209,4,2
S0536,CS208,4,3
S0536,CS202,4,2
S0537,CS108,1,4
S0537,CS107,1,3
S0537,CS101,1,2
S0537,CS106,2,3
S0537,CS102,2,3
S0537,CS103,2,2
S0537,CS105,2,1
S0537,CS104,2,2
S0537,CS207,3,5
S0537,CS204,3,4
S0537,CS210,3,2
S0537,CS209,4,3
S0537,CS208,4,2
S0537,CS206,4,3
S0537,CS212,4,3
S0538,CS105,1,5
S0538,CS107,1,4
S0538,CS103,1,5
S0538,CS102,2,5
S0538,CS108,2,3
S0538,CS101,2,3
S0538,CS104,2,3
S0538,CS212,3,5
S0538,CS208,3,4
S0538,CS203,3,5
S0538,CS211,4,5
S0538,CS207,4,3
S0538,CS201,4,3
S0538,CS106,4,3
S0538,CS305,5,5
S0538,CS316,5,5
S0538,CS205,5,5
S0538,CS314,5,4
S0538,CS202,5,3
S0539,CS103,1,5
S0539,CS105,1,2
S0539,CS106,1,2
S0539,CS101,1,3
S0539,CS102,2,2
S0539,CS104,2,2
S0539,CS107,2,3
S0539,CS212,3,2
S0539,CS207,3,4
S0539,CS108,3,3
S0539,CS204,4,2
S0539,CS202,4,2
S0539,CS206,4,3
S0539,CS208,4,1
S0540,CS104,1,4
S0540,CS107,1,4
S0540,CS108,1,2
S0540,CS105,1,2
S0540,CS102,2,3
S0540,CS103,2,4
S0540,CS101,2,2
S0540,CS106,2,1
S0540,CS207,3,5
S0540,CS206,3,4
S0540,CS211,3,3
S0540,CS202,4,3
S0540,CS203,4,4
S0540,CS212,4,5
S0540,CS209,4,3
S0541,CS108,1,5
S0541,CS106,1,3
S0541,CS104,1,3
S0541,CS101,1,5
S0541,CS103,1,3
S0541,CS102,2,2
S0541,CS107,2,3
S0541,CS105,2,1
S0541,CS209,3,5
S0541,CS203,3,3
S0541,CS201,3,4
S0541,CS204,3,3
S0541,CS212,4,4
S0541,CS207,4,4
S0541,CS206,4,4
S0541,CS210,5,5
S0541,CS309,5,4
S0541,CS202,5,3
S0541,CS315,5,2
S0541,CS311,5,5
S0541,CS310,6,5
S0541,CS307,6,4
S0541,CS211,6,4
S0541,CS205,6,1
S0542,CS103,1,5
S0542,CS102,1,5
S0542,CS107,1,3
S0542,CS101,2,4
S0542,CS106,2,3
S0542,CS108,2,3
S0542,CS104,2,4
S0542,CS105,2,2
S0542,CS212,3,5
S0542,CS207,3,4
S0542,CS210,3,4
S0542,CS208,4,3
S0542,CS209,4,4
S0542,CS201,4,5
S0542,CS204,4,3
S0542,CS205,5,5
S0542,CS206,5,2
S0542,CS312,5,2
S0542,CS309,5,4
S0543,CS103,1,2
S0543,CS105,1,4
S0543,CS108,1,4
S0543,CS107,1,2
S0543,CS104,2,3
S0543,CS101,2,3
S0543,CS106,2,3
S0543,CS102,2,3
S0543,CS202,3,2
S0543,CS210,3,3
S0543,CS208,3,3
S0543,CS207,3,5
S0543,CS203,3,4
S0543,CS206,4,3
S0543,CS211,4,4
S0543,CS204,4,3
S0543,CS209,4,2
S0543,CS201,4,2
S0543,CS312,5,3
S0543,CS306,5,2
S0543,CS313,5,3
S0543,CS314,5,4
S0543,CS316,5,5
S0544,CS101,1,5
S0544,CS105,1,4
S0544,CS106,1,4
S0544,CS107,1,3
S0544,CS104,2,2
S0544,CS108,2,3
S0544,CS102,2,2
S0544,CS103,2,2
S0544,CS208,3,5
S0544,CS203,3,5
S0544,CS204,3,4
S0544,CS210,3,2
S0544,CS207,4,3
S0544,CS206,4,3
S0544,CS212,4,2
S0544,CS209,4,4
S0545,CS104,1,4
S0545,CS106,1,4
S0545,CS105,1,3
S0545,CS101,2,5
S0545,CS107,2,3
S0545,CS102,2,1
S0545,CS103,2,3
S0545,CS201,3,4
S0545,CS209,3,5
S0545,CS204,3,5
S0545,CS207,3,3
S0545,CS203,4,4
S0545,CS208,4,3
S0545,CS202,4,2
S0545,CS211,4,3
S0545,CS309,5,5
S0545,CS310,5,5
S0545,CS311,5,5
S0545,CS316,5,4
S0545,CS314,5,4
S0546,CS107,1,5
S0546,CS104,1,5
S0546,CS101,1,4
S0546,CS105,1,4
S0546,CS106,2,1
S0546,CS108,2,2
S0546,CS102,2,3
S0546,CS103,2,3
S0546,CS211,3,5
S0546,CS202,3,5
S0546,CS206,3,5
S0546,CS209,4,4
S0546,CS207,4,3
S0546,CS204,4,4
S0546,CS210,4,3
S0546,CS306,5,4
S0546,CS308,5,4
S0546,CS203,5,4
S0546,CS201,5,4
S0546,CS208,6,3
S0546,CS307,6,4
S0546,CS305,6,4
S0546,CS310,6,3
S0547,CS101,1,3
S0547,CS108,1,4
S0547,CS106,1,5
S0547,CS102,1,2
S0547,CS107,2,3
S0547,CS105,2,4
S0547,CS104,2,2
S0547,CS209,3,4
S0547,CS208,3,4
S0547,CS201,3,5
S0547,CS204,3,5
S0547,CS207,3,4
S0547,CS203,4,3
S0547,CS210,4,3
S0547,CS206,4,4
S0547,CS212,4,2
S0547,CS312,5,2
S0547,CS309,5,5
S0547,CS305,5,3
S0547,CS316,5,5
S0548,CS102,1,3
S0548,CS106,1,3
S0548,CS105,1,4
S0548,CS108,2,2
S0548,CS104,2,2
S0548,CS101,2,4
S0548,CS107,2,3
S0548,CS209,3,5
S0548,CS204,3,3
S0548,CS211,3,3
S0548,CS203,3,4
S0548,CS208,4,3
S0548,CS201,4,4
S0548,CS103,4,1
S0548,CS311,5,3
S0548,CS205,5,2
S0548,CS207,5,4
S0549,CS104,1,4
S0549,CS107,1,5
S0549,CS103,1,3
S0549,CS101,1,4
S0549,CS102,1,3
S0549,CS106,2,2
S0549,CS108,2,3
S0549,CS105,2,1
S0549,CS201,3,1
S0549,CS207,3,5
S0549,CS206,3,5
S0549,CS202,4,4
S0549,CS211,4,5
S0549,CS205,4,2
S0549,CS208,4,2
S0549,CS209,4,3
S0549,CS301,5,4
S0549,CS308,5,4
S0549,CS306,5,4
S0549,CS307,5,3
S0549,CS204,6,5
S0549,CS304,6,4
S0549,CS303,6,5
S0550,CS106,1,4
S0550,CS107,1,4
S0550,CS101,1,5
S0550,CS103,1,4
S0550,CS108,2,2
S0550,CS104,2,5
S0550,CS102,2,3
S0550,CS105,2,3
S0550,CS209,3,5
S0550,CS206,3,5
S0550,CS210,3,1
S0550,CS202,4,4
S0550,CS201,4,4
S0550,CS204,4,4
S0550,CS203,4,3
S0550,CS308,5,4
S0550,CS311,5,5
S0550,CS310,5,4
S0550,CS309,5,5
S0550,CS211,6,4
S0550,CS306,6,5
S0550,CS301,6,3
S0550,CS207,6,4
S0551,CS102,1,3
S0551,CS104,1,5
S0551,CS101,1,3
S0551,CS107,1,5
S0551,CS103,2,3
S0551,CS108,2,2
S0551,CS106,2,2
S0551,CS105,2,1
S0551,CS211,3,4
S0551,CS202,3,5
S0551,CS203,3,1
S0551,CS206,3,5
S0551,CS207,4,3
S0551,CS204,4,2
S0551,CS210,4,1
S0551,CS208,4,1
S0551,CS212,4,3
S0552,CS105,1,2
S0552,CS107,1,2
S0552,CS108,1,2
S0552,CS104,1,3
S0552,CS101,2,2
S0552,CS106,2,2
S0552,CS102,2,3
S0552,CS103,2,3
S0552,CS207,3,5
S0552,CS208,3,4
S0552,CS203,3,4
S0552,CS202,3,1
S0552,CS212,4,2
S0552,CS204,4,3
S0552,CS209,4,3
S0552,CS210,5,3
S0552,CS206,5,3
S0552,CS311,5,5
S0552,CS310,5,3
S0553,CS104,1,3
S0553,CS101,1,5
S0553,CS106,1,4
S0553,CS108,2,3
S0553,CS107,2,3
S0553,CS105,2,3
S0553,CS102,2,2
S0553,CS207,3,3
S0553,CS209,3,5
S0553,CS201,3,5
S0553,CS206,3,2
S0553,CS203,4,4
S0553,CS204,4,4
S0553,CS212,4,2
S0553,CS311,5,5
S0553,CS202,5,3
S0553,CS210,5,3
S0553,CS208,5,4
S0554,CS102,1,4
S0554,CS106,1,4
S0554,CS103,1,5
S0554,CS101,1,4
S0554,CS108,2,1
S0554,CS104,2,3
S0554,CS105,2,3
S0554,CS212,3,5
S0554,CS208,3,2
S0554,CS204,3,4
S0554,CS201,3,4
S0554,CS209,4,3
S0554,CS207,4,4
S0554,CS205,4,5
S0554,CS210,4,3
S0554,CS315,5,4
S0554,CS314,5,3
S0554,CS311,5,5
S0554,CS316,6,3
S0554,CS309,6,5
S0554,CS211,6,2
S0554,CS203,6,3
S0555,CS102,1,4
S0555,CS108,1,2
S0555,CS101,1,3
S0555,CS103,1,4
S0555,CS104,2,3
S0555,CS107,2,3
S0555,CS106,2,3
S0555,CS105,2,2
S0555,CS207,3,4
S0555,CS212,3,4
S0555,CS211,3,3
S0555,CS202,3,3
S0555,CS210,4,3
S0555,CS209,4,2
S0555,CS206,4,3
S0556,CS102,1,3
S0556,CS101,1,4
S0556,CS106,1,3
S0556,CS103,2,2
S0556,CS108,2,3
S0556,CS107,2,2
S0556,CS105,2,2
S0556,CS104,2,3
S0556,CS208,3,1
S0556,CS201,3,5
S0556,CS207,3,3
S0556,CS212,3,3
S0556,CS210,4,1
S0556,CS202,4,2
S0556,CS209,4,4
S0556,CS316,5,2
S0556,CS310,5,5
S0556,CS211,5,1
S0556,CS313,5,2
S0557,CS102,1,2
S0557,CS107,1,5
S0557,CS104,1,5
S0557,CS103,1,2
S0557,CS105,2,2
S0557,CS108,2,4
S0557,CS106,2,3
S0557,CS210,3,3
S0557,CS211,3,5
S0557,CS209,3,3
S0557,CS212,4,3
S0557,CS101,4,4
S0557,CS208,4,2
S0557,CS202,5,5
S0557,CS312,5,3
S0557,CS207,5,3
S0557,CS206,5,5
S0557,CS307,6,5
S0557,CS306,6,4
S0557,CS308,6,4
S0557,CS313,6,2
S0558,CS108,1,4
S0558,CS105,1,1
S0558,CS106,1,3
S0558,CS103,1,3
S0558,CS101,2,3
S0558,CS107,2,1
S0558,CS104,2,2
S0558,CS102,2,2
S0558,CS203,3,4
S0558,CS208,3,3
S0558,CS204,3,3
S0558,CS210,4,5
S0558,CS201,4,4
S0558,CS211,4,2
S0558,CS202,4,1
S0558,CS207,4,2
S0558,CS313,5,5
S0558,CS206,5,4
S0558,CS312,5,4
S0558,CS209,5,3
S0558,CS305,5,4
S0558,CS311,6,5
S0558,CS309,6,4
S0558,CS310,6,3
S0558,CS308,6,3
S0558,CS306,6,3
S0559,CS104,1,5
S0559,CS107,1,4
S0559,CS106,1,4
S0559,CS102,1,1
S0559,CS101,1,4
S0559,CS105,2,2
S0559,CS108,2,3
S0559,CS103,2,4
S0559,CS209,3,4
S0559,CS201,3,5
S0559,CS210,3,3
S0559,CS204,3,5
S0559,CS202,4,3
S0559,CS206,4,5
S0559,CS212,4,4
S0559,CS211,4,4
S0560,CS106,1,4
S0560,CS107,1,2
S0560,CS104,1,3
S0560,CS103,1,4
S0560,CS101,2,2
S0560,CS108,2,3
S0560,CS105,2,2
S0560,CS102,2,2
S0560,CS208,3,2
S0560,CS211,3,4
S0560,CS207,3,5
S0560,CS201,4,3
S0560,CS204,4,2
S0560,CS209,4,3
S0561,CS104,1,3
S0561,CS101,1,2
S0561,CS103,1,2
S0561,CS108,1,3
S0561,CS105,2,2
S0561,CS102,2,1
S0561,CS107,2,3
S0561,CS106,2,2
S0561,CS207,3,5
S0561,CS210,3,2
S0561,CS202,3,3
S0561,CS206,4,5
S0561,CS209,4,2
S0561,CS208,4,2
S0561,CS211,4,3
S0561,CS301,5,3
S0561,CS310,5,2
S0561,CS212,5,2
S0561,CS316,5,4
S0561,CS306,5,3
S0562,CS106,1,4
S0562,CS101,1,4
S0562,CS104,1,4
S0562,CS108,2,3
S0562,CS107,2,3
S0562,CS103,2,2
S0562,CS105,2,2
S0562,CS201,3,5
S0562,CS209,3,4
S0562,CS102,3,1
S0562,CS207,3,3
S0562,CS204,4,5
S0562,CS206,4,4
S0562,CS211,4,4
S0562,CS210,4,4
S0563,CS104,1,4
S0563,CS101,1,2
S0563,CS106,1,1
S0563,CS107,1,4
S0563,CS108,2,5
S0563,CS103,2,4
S0563,CS102,2,4
S0563,CS206,3,5
S0563,CS202,3,4
S0563,CS211,3,4
S0563,CS210,4,3
S0563,CS212,4,3
S0563,CS207,4,2
S0563,CS201,4,2
S0563,CS308,5,5
S0563,CS306,5,4
S0563,CS301,5,2
S0563,CS307,5,5
S0564,CS103,1,5
S0564,CS106,1,3
S0564,CS104,1,2
S0564,CS101,1,4
S0564,CS108,2,3
S0564,CS102,2,5
S0564,CS105,2,3
S0564,CS204,3,4
S0564,CS212,3,4
S0564,CS208,3,3
S0564,CS209,4,5
S0564,CS203,4,4
S0564,CS201,4,5
S0564,CS211,4,3
S0564,CS309,5,5
S0564,CS316,5,4
S0564,CS313,5,3
S0564,CS315,6,4
S0564,CS305,6,4
S0564,CS205,6,5
S0564,CS311,6,4
S0565,CS101,1,5
S0565,CS106,1,5
S0565,CS104,1,4
S0565,CS105,2,1
S0565,CS108,2,1
S0565,CS107,2,3
S0565,CS209,3,5
S0565,CS211,3,2
S0565,CS103,3,2
S0565,CS204,3,4
S0565,CS201,4,5
S0565,CS207,4,3
S0565,CS206,4,2
S0565,CS202,4,3
S0566,CS103,1,3
S0566,CS108,1,2
S0566,CS102,1,2
S0566,CS104,1,3
S0566,CS106,2,2
S0566,CS105,2,1
S0566,CS101,2,1
S0566,CS107,2,1
S0566,CS207,3,5
S0566,CS212,3,2
S0566,CS204,3,3
S0566,CS208,3,1
S0566,CS203,4,2
S0566,CS209,4,3
S0566,CS206,4,2
S0566,CS210,4,3
S0567,CS104,1,4
S0567,CS103,1,2
S0567,CS106,1,3
S0567,CS101,2,5
S0567,CS105,2,4
S0567,CS102,2,3
S0567,CS107,2,3
S0567,CS108,2,2
S0567,CS204,3,5
S0567,CS207,3,5
S0567,CS202,3,3
S0567,CS209,4,5
S0567,CS201,4,4
S0567,CS203,4,3
S0567,CS309,5,5
S0567,CS211,5,2
S0567,CS208,5,3
S0567,CS311,5,5
S0568,CS106,1,5
S0568,CS108,1,3
S0568,CS101,1,5
S0568,CS102,1,2
S0568,CS107,2,2
S0568,CS105,2,1
S0568,CS104,2,4
S0568,CS204,3,5
S0568,CS209,3,5
S0568,CS201,3,4
S0568,CS206,3,4
S0568,CS210,4,2
S0568,CS103,4,2
S0568,CS211,4,3
S0568,CS212,4,2
S0569,CS101,1,4
S0569,CS106,1,4
S0569,CS108,1,2
S0569,CS103,1,4
S0569,CS102,1,2
S0569,CS107,2,1
S0569,CS105,2,3
S0569,CS104,2,3
S0569,CS209,3,5
S0569,CS201,3,4
S0569,CS207,3,3
S0569,CS204,3,5
S0569,CS211,3,3
S0569,CS203,4,1
S0569,CS206,4,4
S0569,CS210,4,1
S0569,CS202,4,2
S0569,CS205,4,4
S0570,CS107,1,3
S0570,CS103,1,5
S0570,CS106,1,4
S0570,CS102,1,3
S0570,CS101,2,3
S0570,CS108,2,1
S0570,CS105,2,4
S0570,CS104,2,3
S0570,CS204,3,4
S0570,CS208,3,4
S0570,CS207,3,3
S0570,CS202,4,3
S0570,CS212,4,3
S0570,CS211,4,3
S0570,CS201,4,4
S0570,CS203,4,5
S0570,CS313,5,3
S0570,CS209,5,4
S0570,CS311,5,5
S0571,CS108,1,4
S0571,CS104,1,2
S0571,CS107,1,2
S0571,CS105,2,2
S0571,CS102,2,1
S0571,CS106,2,3
S0571,CS103,2,2
S0571,CS101,3,4
S0571,CS210,3,4
S0571,CS203,3,3
S0571,CS204,4,2
S0571,CS206,4,3
S0571,CS202,4,1
S0571,CS208,4,3
S0571,CS313,5,3
S0571,CS316,5,3
S0571,CS312,5,2
S0571,CS211,5,3
S0571,CS306,5,2
S0572,CS108,1,2
S0572,CS101,1,2
S0572,CS104,1,2
S0572,CS103,1,3
S0572,CS105,1,2
S0572,CS106,2,2
S0572,CS107,2,3
S0572,CS102,2,3
S0572,CS210,3,2
S0572,CS209,3,3
S0572,CS207,3,4
S0572,CS206,3,3
S0572,CS204,4,3
S0572,CS208,4,1
S0572,CS203,4,3
S0572,CS201,4,1
S0572,CS312,5,3
S0572,CS301,5,3
S0572,CS202,5,1
S0573,CS103,1,3
S0573,CS106,1,4
S0573,CS101,1,4
S0573,CS105,2,3
S0573,CS107,2,3
S0573,CS104,2,4
S0573,CS102,2,2
S0573,CS203,3,1
S0573,CS209,3,5
S0573,CS201,3,4
S0573,CS210,3,1
S0573,CS204,4,4
S0573,CS207,4,3
S0573,CS205,4,4
S0573,CS211,4,3
S0573,CS309,5,5
S0573,CS311,5,5
S0573,CS202,5,3
S0574,CS105,1,2
S0574,CS103,1,4
S0574,CS102,1,4
S0574,CS106,1,3
S0574,CS101,2,4
S0574,CS107,2,2
S0574,CS104,2,5
S0574,CS212,3,4
S0574,CS204,3,4
S0574,CS201,3,2
S0574,CS211,3,3
S0574,CS206,4,2
S0574,CS210,4,1
S0574,CS205,4,3
S0574,CS207,4,3
S0574,CS309,5,4
S0574,CS209,5,2
S0574,CS311,5,5
S0575,CS103,1,4
S0575,CS102,1,4
S0575,CS105,1,3
S0575,CS108,2,3
S0575,CS104,2,2
S0575,CS106,2,2
S0575,CS101,2,2
S0575,CS209,3,2
S0575,CS203,3,2
S0575,CS204,3,3
S0575,CS202,3,2
S0575,CS107,3,4
S0575,CS206,4,3
S0575,CS210,4,1
S0575,CS212,4,5
S0575,CS207,4,2
S0575,CS201,5,2
S0575,CS310,5,1
S0575,CS308,5,4
S0575,CS306,5,3
S0575,CS211,5,2
S0576,CS101,1,2
S0576,CS103,1,3
S0576,CS107,1,4
S0576,CS104,1,3
S0576,CS102,2,3
S0576,CS108,2,1
S0576,CS105,2,1
S0576,CS106,2,2
S0576,CS207,3,5
S0576,CS211,3,3
S0576,CS202,3,3
S0576,CS204,3,2
S0576,CS206,4,2
S0576,CS201,4,1
S0576,CS212,4,3
S0576,CS203,4,3
S0577,CS107,1,3
S0577,CS102,1,4
S0577,CS103,1,5
S0577,CS104,1,5
S0577,CS106,1,2
S0577,CS101,2,3
S0577,CS108,2,2
S0577,CS105,2,2
S0577,CS207,3,5
S0577,CS206,3,3
S0577,CS203,3,2
S0577,CS211,3,4
S0577,CS212,4,4
S0577,CS204,4,4
S0577,CS202,4,2
S0577,CS201,4,3
S0577,CS315,5,4
S0577,CS311,5,4
S0577,CS306,5,5
S0577,CS308,5,4
S0578,CS108,1,2
S0578,CS103,1,3
S0578,CS102,1,3
S0578,CS107,2,3
S0578,CS101,2,3
S0578,CS104,2,2
S0578,CS106,2,2
S0578,CS204,3,2
S0578,CS206,3,5
S0578,CS207,3,5
S0578,CS211,3,4
S0578,CS105,4,1
S0578,CS202,4,3
S0578,CS209,4,2
S0578,CS210,4,2
S0579,CS101,1,2
S0579,CS104,1,4
S0579,CS103,1,5
S0579,CS107,2,3
S0579,CS102,2,3
S0579,CS108,2,4
S0579,CS105,2,1
S0579,CS212,3,4
S0579,CS206,3,3
S0579,CS201,3,3
S0579,CS207,3,5
S0579,CS208,4,2
S0579,CS205,4,3
S0579,CS106,4,2
S0579,CS211,4,4
S0579,CS202,4,3
S0580,CS104,1,4
S0580,CS107,1,5
S0580,CS103,1,4
S0580,CS108,1,3
S0580,CS105,2,3
S0580,CS101,2,2
S0580,CS106,2,2
S0580,CS206,3,5
S0580,CS204,3,2
S0580,CS211,3,5
S0580,CS203,3,3
S0580,CS202,4,4
S0580,CS209,4,4
S0580,CS208,4,3
S0580,CS201,4,3
S0580,CS207,4,2
S0580,CS308,5,4
S0580,CS307,5,3
S0580,CS306,5,4
S0580,CS314,5,4
S0581,CS101,1,4
S0581,CS106,1,4
S0581,CS105,1,1
S0581,CS103,2,4
S0581,CS108,2,3
S0581,CS102,2,2
S0581,CS107,2,3
S0581,CS201,3,4
S0581,CS207,3,3
S0581,CS210,3,3
S0581,CS209,4,4
S0581,CS203,4,3
S0581,CS204,4,4
S0581,CS311,5,5
S0581,CS206,5,4
S0581,CS212,5,4
S0582,CS104,1,5
S0582,CS107,1,5
S0582,CS108,1,2
S0582,CS101,1,2
S0582,CS106,2,1
S0582,CS105,2,2
S0582,CS103,2,4
S0582,CS102,2,3
S0582,CS202,3,4
S0582,CS211,3,4
S0582,CS206,3,5
S0582,CS207,3,4
S0582,CS208,3,3
S0582,CS201,4,3
S0582,CS204,4,2
S0582,CS210,4,1
S0583,CS108,1,5
S0583,CS107,1,5
S0583,CS106,1,5
S0583,CS103,1,4
S0583,CS101,2,5
S0583,CS102,2,3
S0583,CS104,2,3
S0583,CS105,2,2
S0583,CS209,3,3
S0583,CS210,3,4
S0583,CS207,3,4
S0583,CS211,3,3
S0583,CS206,4,5
S0583,CS201,4,5
S0583,CS212,4,3
S0583,CS204,5,5
S0583,CS205,5,3
S0583,CS301,5,5
S0583,CS308,5,4
S0583,CS304,6,3
S0583,CS309,6,5
S0583,CS311,6,5
S0583,CS202,6,3
S0583,CS302,6,3
S0584,CS106,1,1
S0584,CS108,1,5
S0584,CS105,1,2
S0584,CS104,1,2
S0584,CS107,2,3
S0584,CS101,2,2
S0584,CS103,2,3
S0584,CS102,2,1
S0584,CS208,3,2
S0584,CS210,3,4
S0584,CS207,3,3
S0584,CS206,3,4
S0584,CS202,4,3
S0584,CS212,4,2
S0584,CS203,4,3
S0584,CS209,4,2
S0584,CS308,5,4
S0584,CS312,5,5
S0584,CS313,5,4
S0584,CS301,5,5
S0584,CS310,5,2
S0585,CS108,1,5
S0585,CS104,1,3
S0585,CS107,1,5
S0585,CS101,1,2
S0585,CS106,2,1
S0585,CS105,2,4
S0585,CS103,2,3
S0585,CS204,3,3
S0585,CS202,3,3
S0585,CS203,3,3
S0585,CS211,3,5
S0585,CS102,4,3
S0585,CS206,4,5
S0585,CS207,4,1
S0585,CS209,4,4
S0585,CS311,5,3
S0585,CS210,5,4
S0585,CS307,5,3
S0585,CS308,5,4
S0585,CS306,6,5
S0585,CS201,6,3
S0585,CS208,6,4
S0585,CS309,6,2
S0586,CS101,1,3
S0586,CS107,1,5
S0586,CS108,1,5
S0586,CS105,1,5
S0586,CS104,1,5
S0586,CS102,2,2
S0586,CS106,2,3
S0586,CS103,2,3
S0586,CS201,3,4
S0586,CS210,3,3
S0586,CS204,3,3
S0586,CS203,3,4
S0586,CS202,4,3
S0586,CS208,4,4
S0586,CS211,4,5
S0586,CS309,5,2
S0586,CS316,5,5
S0586,CS312,5,4
S0586,CS305,6,4
S0586,CS311,6,4
S0586,CS209,6,5
S0586,CS313,6,3
S0586,CS206,6,5
S0587,CS108,1,3
S0587,CS101,1,5
S0587,CS106,1,5
S0587,CS107,2,2
S0587,CS103,2,3
S0587,CS105,2,3
S0587,CS204,3,4
S0587,CS208,3,3
S0587,CS209,3,5
S0587,CS202,3,3
S0587,CS102,4,2
S0587,CS201,4,5
S0587,CS203,4,3
S0587,CS207,4,1
S0587,CS104,4,3
S0587,CS311,5,5
S0587,CS310,5,5
S0587,CS316,5,4
S0587,CS313,6,3
S0587,CS212,6,1
S0587,CS309,6,5
S0587,CS206,6,2
S0588,CS105,1,1
S0588,CS108,1,4
S0588,CS102,1,3
S0588,CS104,2,3
S0588,CS103,2,4
S0588,CS101,2,3
S0588,CS106,2,3
S0588,CS204,3,2
S0588,CS211,3,1
S0588,CS210,3,2
S0588,CS207,4,5
S0588,CS212,4,4
S0588,CS202,4,1
S0588,CS209,5,3
S0588,CS208,5,2
S0588,CS203,5,3
S0589,CS106,1,3
S0589,CS108,1,5
S0589,CS107,1,4
S0589,CS103,1,3
S0589,CS105,2,2
S0589,CS104,2,3
S0589,CS101,2,3
S0589,CS102,2,1
S0589,CS211,3,3
S0589,CS206,3,3
S0589,CS212,3,1
S0589,CS203,3,2
S0589,CS210,4,3
S0589,CS202,4,2
S0589,CS208,4,2
S0589,CS201,4,2
S0589,CS207,4,2
S0589,CS305,5,2
S0589,CS301,5,3
S0589,CS308,5,3
S0589,CS306,5,2
S0589,CS313,5,3
S0590,CS104,1,3
S0590,CS105,1,5
S0590,CS102,1,4
S0590,CS103,1,3
S0590,CS106,2,2
S0590,CS101,2,3
S0590,CS108,2,2
S0590,CS107,2,3
S0590,CS203,3,5
S0590,CS208,3,5
S0590,CS209,3,3
S0590,CS212,3,4
S0590,CS204,4,3
S0590,CS206,4,3
S0590,CS201,4,4
S0590,CS202,4,2
S0590,CS307,5,3
S0590,CS310,5,4
S0590,CS314,5,3
S0590,CS316,5,5
S0590,CS305,5,5
S0591,CS101,1,4
S0591,CS106,1,3
S0591,CS104,1,2
S0591,CS107,1,3
S0591,CS105,2,5
S0591,CS102,2,1
S0591,CS108,2,4
S0591,CS103,2,2
S0591,CS203,3,5
S0591,CS209,3,3
S0591,CS208,3,3
S0591,CS206,3,3
S0591,CS202,4,2
S0591,CS204,4,3
S0591,CS201,4,2
S0591,CS314,5,3
S0591,CS305,5,4
S0591,CS306,5,2
S0591,CS316,6,3
S0591,CS309,6,4
S0591,CS210,6,2
S0591,CS310,6,3
S0591,CS307,6,2
S0592,CS106,1,5
S0592,CS107,1,3
S0592,CS102,1,4
S0592,CS101,1,4
S0592,CS105,2,1
S0592,CS108,2,1
S0592,CS104,2,4
S0592,CS103,2,3
S0592,CS207,3,5
S0592,CS209,3,4
S0592,CS204,3,4
S0592,CS211,4,3
S0592,CS201,4,5
S0592,CS208,4,2
S0592,CS202,4,3
S0592,CS310,5,5
S0592,CS311,5,5
S0592,CS309,5,5
S0592,CS314,5,1
S0593,CS106,1,4
S0593,CS101,1,5
S0593,CS104,1,4
S0593,CS107,1,3
S0593,CS103,1,2
S0593,CS108,2,2
S0593,CS102,2,2
S0593,CS105,2,2
S0593,CS209,3,3
S0593,CS201,3,4
S0593,CS202,3,2
S0593,CS204,4,4
S0593,CS206,4,3
S0593,CS212,4,1
S0593,CS211,4,3
S0594,CS104,1,5
S0594,CS103,1,5
S0594,CS108,1,5
S0594,CS107,1,5
S0594,CS101,2,2
S0594,CS102,2,3
S0594,CS106,2,2
S0594,CS105,2,2
S0594,CS211,3,5
S0594,CS210,3,5
S0594,CS206,3,4
S0594,CS204,3,2
S0594,CS209,4,4
S0594,CS202,4,3
S0594,CS212,4,5
S0594,CS306,5,4
S0594,CS208,5,1
S0594,CS311,5,2
S0594,CS308,5,5
S0594,CS307,5,4
S0595,CS108,1,4
S0595,CS106,1,2
S0595,CS105,1,2
S0595,CS101,1,3
S0595,CS104,2,4
S0595,CS107,2,3
S0595,CS102,2,3
S0595,CS103,2,2
S0595,CS203,3,4
S0595,CS206,3,3
S0595,CS210,3,4
S0595,CS207,3,4
S0595,CS208,4,2
S0595,CS201,4,3
S0595,CS204,4,3
S0595,CS211,4,2
S0596,CS104,1,5
S0596,CS107,1,3
S0596,CS103,1,3
S0596,CS106,1,1
S0596,CS101,2,3
S0596,CS108,2,2
S0596,CS102,2,2
S0596,CS105,2,3
S0596,CS202,3,5
S0596,CS201,3,3
S0596,CS206,3,5
S0596,CS204,4,3
S0596,CS207,4,3
S0596,CS211,4,4
S0596,CS205,4,2
S0596,CS308,5,3
S0596,CS309,5,4
S0596,CS301,5,2
S0596,CS306,6,5
S0596,CS307,6,2
S0596,CS203,6,3
S0596,CS311,6,4
S0597,CS105,1,5
S0597,CS106,1,4
S0597,CS101,1,4
S0597,CS102,1,3
S0597,CS103,1,2
S0597,CS104,2,3
S0597,CS107,2,4
S0597,CS108,2,3
S0597,CS203,3,5
S0597,CS201,3,4
S0597,CS208,3,5
S0597,CS209,3,4
S0597,CS204,3,5
S0597,CS211,4,3
S0597,CS212,4,3
S0597,CS210,4,2
S0597,CS205,4,2
S0598,CS105,1,3
S0598,CS102,1,2
S0598,CS101,1,3
S0598,CS107,1,3
S0598,CS108,2,1
S0598,CS103,2,3
S0598,CS104,2,2
S0598,CS106,2,1
S0598,CS201,3,2
S0598,CS203,3,5
S0598,CS208,3,3
S0598,CS207,3,2
S0598,CS202,3,3
S0598,CS211,4,3
S0598,CS204,4,2
S0598,CS206,4,3
S0598,CS316,5,5
S0598,CS306,5,2
S0598,CS210,5,2
S0598,CS301,5,2
S0598,CS314,5,5
S0599,CS107,1,3
S0599,CS101,1,4
S0599,CS106,1,4
S0599,CS105,1,4
S0599,CS108,1,3
S0599,CS104,2,3
S0599,CS102,2,2
S0599,CS103,2,3
S0599,CS204,3,5
S0599,CS209,3,4
S0599,CS208,3,4
S0599,CS201,3,4
S0599,CS203,3,5
S0599,CS212,4,3
S0599,CS207,4,3
S0599,CS211,4,3
S0599,CS205,4,3
S0599,CS311,5,5
S0599,CS309,5,4
S0599,CS314,5,3
